/*!40101 SET NAMES utf8 */;
/*!40014 SET FOREIGN_KEY_CHECKS=0 */;
/*!40101 SET SQL_MODE='NO_AUTO_VALUE_ON_ZERO' */;
/*!40111 SET SQL_NOTES=0 */;
DROP TABLE IF EXISTS about;
CREATE TABLE `about` (
  `id` int NOT NULL AUTO_INCREMENT,
  `vendor_id` int NOT NULL,
  `about_content` longtext COLLATE utf8mb4_general_ci NOT NULL,
  `created_at` timestamp NOT NULL DEFAULT CURRENT_TIMESTAMP,
  `updated_at` timestamp NOT NULL DEFAULT CURRENT_TIMESTAMP,
  PRIMARY KEY (`id`)
) ENGINE=InnoDB AUTO_INCREMENT=2 DEFAULT CHARSET=utf8mb4 COLLATE=utf8mb4_general_ci;

DROP TABLE IF EXISTS area;
CREATE TABLE `area` (
  `id` int NOT NULL AUTO_INCREMENT,
  `city_id` int NOT NULL,
  `area` varchar(255) COLLATE utf8mb3_unicode_ci NOT NULL,
  `is_deleted` int NOT NULL DEFAULT '2' COMMENT '1=Yes,2=No',
  `is_available` int NOT NULL DEFAULT '1' COMMENT '1=Yes,2=No	',
  `created_at` timestamp NOT NULL DEFAULT CURRENT_TIMESTAMP,
  `updated_at` timestamp NOT NULL DEFAULT CURRENT_TIMESTAMP,
  PRIMARY KEY (`id`)
) ENGINE=InnoDB AUTO_INCREMENT=2 DEFAULT CHARSET=utf8mb3 COLLATE=utf8mb3_unicode_ci;

DROP TABLE IF EXISTS banner_image;
CREATE TABLE `banner_image` (
  `id` int unsigned NOT NULL AUTO_INCREMENT,
  `vendor_id` int NOT NULL,
  `banner_image` varchar(255) COLLATE utf8mb4_unicode_ci NOT NULL,
  `created_at` timestamp NULL DEFAULT NULL,
  `updated_at` timestamp NULL DEFAULT NULL,
  PRIMARY KEY (`id`)
) ENGINE=InnoDB AUTO_INCREMENT=3 DEFAULT CHARSET=utf8mb4 COLLATE=utf8mb4_unicode_ci;

DROP TABLE IF EXISTS blogs;
CREATE TABLE `blogs` (
  `id` int unsigned NOT NULL AUTO_INCREMENT,
  `vendor_id` int NOT NULL,
  `slug` varchar(255) COLLATE utf8mb4_unicode_ci NOT NULL,
  `title` varchar(255) COLLATE utf8mb4_unicode_ci NOT NULL,
  `image` varchar(255) COLLATE utf8mb4_unicode_ci NOT NULL,
  `description` longtext COLLATE utf8mb4_unicode_ci NOT NULL,
  `created_at` timestamp NULL DEFAULT NULL,
  `updated_at` timestamp NULL DEFAULT NULL,
  PRIMARY KEY (`id`)
) ENGINE=InnoDB DEFAULT CHARSET=utf8mb4 COLLATE=utf8mb4_unicode_ci;

DROP TABLE IF EXISTS branches;
CREATE TABLE `branches` (
  `id` bigint unsigned NOT NULL AUTO_INCREMENT,
  `vendor_id` int unsigned DEFAULT NULL,
  `name` text COLLATE utf8mb4_unicode_ci,
  `deliveryarea_id` int DEFAULT NULL,
  `is_active` tinyint(1) NOT NULL DEFAULT '1',
  `created_at` timestamp NULL DEFAULT NULL,
  `updated_at` timestamp NULL DEFAULT NULL,
  `latitude` varchar(255) COLLATE utf8mb4_unicode_ci DEFAULT NULL,
  `longitude` varchar(255) COLLATE utf8mb4_unicode_ci DEFAULT NULL,
  `address` text COLLATE utf8mb4_unicode_ci,
  PRIMARY KEY (`id`),
  KEY `branches_vendor_id_foreign` (`vendor_id`),
  CONSTRAINT `branches_vendor_id_foreign` FOREIGN KEY (`vendor_id`) REFERENCES `users` (`id`) ON DELETE CASCADE
) ENGINE=InnoDB AUTO_INCREMENT=9 DEFAULT CHARSET=utf8mb4 COLLATE=utf8mb4_unicode_ci;

DROP TABLE IF EXISTS carts;
CREATE TABLE `carts` (
  `id` bigint unsigned NOT NULL AUTO_INCREMENT,
  `vendor_id` int NOT NULL,
  `user_id` int DEFAULT NULL,
  `session_id` varchar(255) COLLATE utf8mb4_unicode_ci NOT NULL,
  `item_id` bigint unsigned NOT NULL,
  `item_name` varchar(255) COLLATE utf8mb4_unicode_ci DEFAULT NULL,
  `item_image` varchar(255) COLLATE utf8mb4_unicode_ci DEFAULT NULL,
  `item_price` varchar(255) COLLATE utf8mb4_unicode_ci NOT NULL,
  `tax` varchar(255) COLLATE utf8mb4_unicode_ci DEFAULT NULL,
  `extras_id` varchar(255) COLLATE utf8mb4_unicode_ci DEFAULT NULL,
  `extras_name` varchar(255) COLLATE utf8mb4_unicode_ci DEFAULT NULL,
  `extras_price` varchar(255) COLLATE utf8mb4_unicode_ci DEFAULT NULL,
  `qty` int NOT NULL,
  `price` varchar(255) COLLATE utf8mb4_unicode_ci NOT NULL,
  `variants_id` varchar(255) COLLATE utf8mb4_unicode_ci DEFAULT NULL,
  `variants_name` varchar(255) COLLATE utf8mb4_unicode_ci DEFAULT NULL,
  `variants_price` varchar(255) COLLATE utf8mb4_unicode_ci DEFAULT NULL,
  `is_available` int NOT NULL DEFAULT '1' COMMENT '1 = Yes . 2 = No',
  `created_at` timestamp NULL DEFAULT NULL,
  `updated_at` timestamp NULL DEFAULT NULL,
  PRIMARY KEY (`id`),
  KEY `cart_item_id_foreign` (`item_id`)
) ENGINE=InnoDB AUTO_INCREMENT=192 DEFAULT CHARSET=utf8mb4 COLLATE=utf8mb4_unicode_ci;

DROP TABLE IF EXISTS categories;
CREATE TABLE `categories` (
  `id` int unsigned NOT NULL AUTO_INCREMENT,
  `vendor_id` int NOT NULL,
  `reorder_id` int NOT NULL,
  `name` varchar(255) COLLATE utf8mb4_unicode_ci NOT NULL,
  `slug` varchar(255) COLLATE utf8mb4_unicode_ci NOT NULL,
  `image` text COLLATE utf8mb4_unicode_ci,
  `is_available` tinyint(1) NOT NULL DEFAULT '1' COMMENT '1=Yes,2=No',
  `is_deleted` tinyint(1) NOT NULL DEFAULT '2' COMMENT '1=Yes,2=No',
  `created_at` timestamp NULL DEFAULT NULL,
  `updated_at` timestamp NULL DEFAULT NULL,
  PRIMARY KEY (`id`)
) ENGINE=InnoDB AUTO_INCREMENT=35 DEFAULT CHARSET=utf8mb4 COLLATE=utf8mb4_unicode_ci;

DROP TABLE IF EXISTS city;
CREATE TABLE `city` (
  `id` int NOT NULL AUTO_INCREMENT,
  `name` varchar(255) COLLATE utf8mb3_unicode_ci NOT NULL,
  `is_deleted` int NOT NULL DEFAULT '2' COMMENT '1=Yes,2=No',
  `is_available` int NOT NULL DEFAULT '1' COMMENT '1=Yes,2=No',
  `created_at` timestamp NOT NULL DEFAULT CURRENT_TIMESTAMP,
  `updated_at` timestamp NOT NULL DEFAULT CURRENT_TIMESTAMP,
  PRIMARY KEY (`id`)
) ENGINE=InnoDB AUTO_INCREMENT=7 DEFAULT CHARSET=utf8mb3 COLLATE=utf8mb3_unicode_ci;

DROP TABLE IF EXISTS contacts;
CREATE TABLE `contacts` (
  `id` int unsigned NOT NULL AUTO_INCREMENT,
  `vendor_id` int NOT NULL,
  `name` varchar(255) COLLATE utf8mb4_unicode_ci NOT NULL,
  `email` varchar(255) COLLATE utf8mb4_unicode_ci NOT NULL,
  `mobile` varchar(255) COLLATE utf8mb4_unicode_ci NOT NULL,
  `message` longtext COLLATE utf8mb4_unicode_ci NOT NULL,
  `created_at` timestamp NULL DEFAULT NULL,
  `updated_at` timestamp NULL DEFAULT NULL,
  PRIMARY KEY (`id`)
) ENGINE=InnoDB DEFAULT CHARSET=utf8mb4 COLLATE=utf8mb4_unicode_ci;

DROP TABLE IF EXISTS coupon_items;
CREATE TABLE `coupon_items` (
  `id` bigint unsigned NOT NULL AUTO_INCREMENT,
  `coupon_id` int NOT NULL COMMENT 'onDelete cascade',
  `item_id` int NOT NULL COMMENT 'onDelete cascade',
  `created_at` timestamp NULL DEFAULT NULL,
  `updated_at` timestamp NULL DEFAULT NULL,
  PRIMARY KEY (`id`),
  KEY `coupon_items_coupon_id_foreign` (`coupon_id`),
  KEY `coupon_items_item_id_foreign` (`item_id`),
  CONSTRAINT `coupon_items_coupon_id_foreign` FOREIGN KEY (`coupon_id`) REFERENCES `coupons` (`id`) ON DELETE CASCADE,
  CONSTRAINT `coupon_items_item_id_foreign` FOREIGN KEY (`item_id`) REFERENCES `items` (`id`) ON DELETE CASCADE
) ENGINE=InnoDB AUTO_INCREMENT=5 DEFAULT CHARSET=utf8mb4 COLLATE=utf8mb4_unicode_ci;

DROP TABLE IF EXISTS coupons;
CREATE TABLE `coupons` (
  `id` int NOT NULL AUTO_INCREMENT,
  `vendor_id` int NOT NULL,
  `name` varchar(255) COLLATE utf8mb4_general_ci NOT NULL,
  `code` varchar(255) COLLATE utf8mb4_general_ci NOT NULL,
  `type` int DEFAULT NULL,
  `price` varchar(255) COLLATE utf8mb4_general_ci NOT NULL,
  `active_from` varchar(255) COLLATE utf8mb4_general_ci NOT NULL,
  `active_to` varchar(255) COLLATE utf8mb4_general_ci NOT NULL,
  `limit` int NOT NULL,
  `created_at` timestamp NOT NULL DEFAULT CURRENT_TIMESTAMP,
  `updated_at` timestamp NOT NULL DEFAULT CURRENT_TIMESTAMP,
  PRIMARY KEY (`id`)
) ENGINE=InnoDB AUTO_INCREMENT=4 DEFAULT CHARSET=utf8mb4 COLLATE=utf8mb4_general_ci;

DROP TABLE IF EXISTS custom_domain;
CREATE TABLE `custom_domain` (
  `id` int NOT NULL AUTO_INCREMENT,
  `vendor_id` int NOT NULL,
  `requested_domain` text COLLATE utf8mb4_general_ci NOT NULL,
  `current_domain` text COLLATE utf8mb4_general_ci,
  `status` int NOT NULL,
  `created_at` timestamp NOT NULL DEFAULT CURRENT_TIMESTAMP,
  `updated_at` timestamp NOT NULL DEFAULT CURRENT_TIMESTAMP,
  PRIMARY KEY (`id`)
) ENGINE=InnoDB AUTO_INCREMENT=3 DEFAULT CHARSET=utf8mb4 COLLATE=utf8mb4_general_ci;

DROP TABLE IF EXISTS deliveryareas;
CREATE TABLE `deliveryareas` (
  `id` int NOT NULL AUTO_INCREMENT,
  `vendor_id` int NOT NULL,
  `name` varchar(255) COLLATE utf8mb4_general_ci NOT NULL,
  `price` float NOT NULL,
  `created_at` timestamp NOT NULL DEFAULT CURRENT_TIMESTAMP,
  `updated_at` timestamp NOT NULL DEFAULT CURRENT_TIMESTAMP,
  `delivery_time` varchar(255) COLLATE utf8mb4_general_ci DEFAULT NULL,
  `coordinates` text COLLATE utf8mb4_general_ci,
  PRIMARY KEY (`id`)
) ENGINE=InnoDB AUTO_INCREMENT=12 DEFAULT CHARSET=utf8mb4 COLLATE=utf8mb4_general_ci;

DROP TABLE IF EXISTS extras;
CREATE TABLE `extras` (
  `id` int NOT NULL AUTO_INCREMENT,
  `item_id` int NOT NULL,
  `name` varchar(255) COLLATE utf8mb4_general_ci NOT NULL,
  `price` float NOT NULL,
  `created_at` timestamp NOT NULL DEFAULT CURRENT_TIMESTAMP,
  `updated_at` timestamp NOT NULL DEFAULT CURRENT_TIMESTAMP,
  PRIMARY KEY (`id`)
) ENGINE=InnoDB AUTO_INCREMENT=44 DEFAULT CHARSET=utf8mb4 COLLATE=utf8mb4_general_ci;

DROP TABLE IF EXISTS failed_jobs;
CREATE TABLE `failed_jobs` (
  `id` bigint unsigned NOT NULL AUTO_INCREMENT,
  `uuid` varchar(255) COLLATE utf8mb4_unicode_ci NOT NULL,
  `connection` text COLLATE utf8mb4_unicode_ci NOT NULL,
  `queue` text COLLATE utf8mb4_unicode_ci NOT NULL,
  `payload` longtext COLLATE utf8mb4_unicode_ci NOT NULL,
  `exception` longtext COLLATE utf8mb4_unicode_ci NOT NULL,
  `failed_at` timestamp NOT NULL DEFAULT CURRENT_TIMESTAMP,
  PRIMARY KEY (`id`),
  UNIQUE KEY `failed_jobs_uuid_unique` (`uuid`)
) ENGINE=InnoDB DEFAULT CHARSET=utf8mb4 COLLATE=utf8mb4_unicode_ci;

DROP TABLE IF EXISTS faqs;
CREATE TABLE `faqs` (
  `id` int NOT NULL AUTO_INCREMENT,
  `vendor_id` int NOT NULL,
  `question` varchar(255) COLLATE utf8mb4_general_ci NOT NULL,
  `answer` longtext COLLATE utf8mb4_general_ci NOT NULL,
  `created_at` timestamp NOT NULL DEFAULT CURRENT_TIMESTAMP,
  `updated_at` timestamp NOT NULL DEFAULT CURRENT_TIMESTAMP,
  PRIMARY KEY (`id`)
) ENGINE=InnoDB DEFAULT CHARSET=utf8mb4 COLLATE=utf8mb4_general_ci;

DROP TABLE IF EXISTS favorite;
CREATE TABLE `favorite` (
  `id` bigint NOT NULL AUTO_INCREMENT,
  `user_id` bigint NOT NULL,
  `item_id` bigint NOT NULL,
  `vendor_id` bigint NOT NULL,
  `created_at` timestamp NULL DEFAULT NULL,
  `updated_at` timestamp NULL DEFAULT NULL,
  PRIMARY KEY (`id`)
) ENGINE=InnoDB AUTO_INCREMENT=9 DEFAULT CHARSET=utf8mb4 COLLATE=utf8mb4_unicode_ci;

DROP TABLE IF EXISTS features;
CREATE TABLE `features` (
  `id` int NOT NULL AUTO_INCREMENT,
  `vendor_id` int NOT NULL,
  `title` varchar(255) COLLATE utf8mb4_general_ci NOT NULL,
  `description` longtext COLLATE utf8mb4_general_ci NOT NULL,
  `image` varchar(255) COLLATE utf8mb4_general_ci NOT NULL,
  `created_at` timestamp NOT NULL DEFAULT CURRENT_TIMESTAMP,
  `updated_at` timestamp NOT NULL DEFAULT CURRENT_TIMESTAMP,
  PRIMARY KEY (`id`)
) ENGINE=InnoDB AUTO_INCREMENT=2 DEFAULT CHARSET=utf8mb4 COLLATE=utf8mb4_general_ci;

DROP TABLE IF EXISTS footerfeatures;
CREATE TABLE `footerfeatures` (
  `id` int unsigned NOT NULL AUTO_INCREMENT,
  `vendor_id` int NOT NULL,
  `icon` varchar(255) COLLATE utf8mb4_unicode_ci NOT NULL,
  `title` text COLLATE utf8mb4_unicode_ci NOT NULL,
  `description` text COLLATE utf8mb4_unicode_ci NOT NULL,
  `created_at` timestamp NULL DEFAULT NULL,
  `updated_at` timestamp NULL DEFAULT NULL,
  PRIMARY KEY (`id`)
) ENGINE=InnoDB DEFAULT CHARSET=utf8mb4 COLLATE=utf8mb4_unicode_ci;

DROP TABLE IF EXISTS item_images;
CREATE TABLE `item_images` (
  `id` bigint unsigned NOT NULL AUTO_INCREMENT,
  `item_id` bigint unsigned NOT NULL,
  `image` varchar(255) COLLATE utf8mb4_unicode_ci NOT NULL,
  `created_at` timestamp NULL DEFAULT NULL,
  `updated_at` timestamp NULL DEFAULT NULL,
  PRIMARY KEY (`id`),
  KEY `item_images_item_id_foreign` (`item_id`)
) ENGINE=InnoDB AUTO_INCREMENT=54 DEFAULT CHARSET=utf8mb4 COLLATE=utf8mb4_unicode_ci;

DROP TABLE IF EXISTS items;
CREATE TABLE `items` (
  `id` int NOT NULL AUTO_INCREMENT,
  `vendor_id` int NOT NULL,
  `reorder_id` int NOT NULL,
  `cat_id` int NOT NULL,
  `item_name` text COLLATE utf8mb4_general_ci NOT NULL,
  `description` text COLLATE utf8mb4_general_ci NOT NULL,
  `item_price` float NOT NULL,
  `item_original_price` float DEFAULT NULL,
  `image` varchar(255) COLLATE utf8mb4_general_ci DEFAULT NULL,
  `tax` float DEFAULT '0',
  `slug` text COLLATE utf8mb4_general_ci,
  `is_available` int NOT NULL DEFAULT '1',
  `has_variants` int NOT NULL DEFAULT '2',
  `created_at` timestamp NOT NULL DEFAULT CURRENT_TIMESTAMP,
  `updated_at` timestamp NOT NULL DEFAULT CURRENT_TIMESTAMP,
  `start_time` time DEFAULT NULL,
  `end_time` time DEFAULT NULL,
  PRIMARY KEY (`id`)
) ENGINE=InnoDB AUTO_INCREMENT=55 DEFAULT CHARSET=utf8mb4 COLLATE=utf8mb4_general_ci;

DROP TABLE IF EXISTS languages;
CREATE TABLE `languages` (
  `id` int unsigned NOT NULL AUTO_INCREMENT,
  `code` varchar(255) COLLATE utf8mb4_unicode_ci NOT NULL,
  `name` varchar(255) COLLATE utf8mb4_unicode_ci NOT NULL,
  `image` varchar(255) COLLATE utf8mb4_unicode_ci NOT NULL,
  `layout` int NOT NULL DEFAULT '1' COMMENT '1=ltr,2=rtl',
  `is_default` int NOT NULL DEFAULT '2' COMMENT '1 = yes , 2 = no',
  `is_available` int NOT NULL DEFAULT '1' COMMENT '1=yes,2=no',
  `created_at` timestamp NULL DEFAULT NULL,
  `updated_at` timestamp NULL DEFAULT NULL,
  PRIMARY KEY (`id`)
) ENGINE=InnoDB AUTO_INCREMENT=3 DEFAULT CHARSET=utf8mb4 COLLATE=utf8mb4_unicode_ci;

DROP TABLE IF EXISTS migrations;
CREATE TABLE `migrations` (
  `id` int unsigned NOT NULL AUTO_INCREMENT,
  `migration` varchar(255) COLLATE utf8mb4_unicode_ci NOT NULL,
  `batch` int NOT NULL,
  PRIMARY KEY (`id`)
) ENGINE=InnoDB AUTO_INCREMENT=30 DEFAULT CHARSET=utf8mb4 COLLATE=utf8mb4_unicode_ci;

DROP TABLE IF EXISTS model_has_permissions;
CREATE TABLE `model_has_permissions` (
  `permission_id` bigint unsigned NOT NULL,
  `model_type` varchar(255) COLLATE utf8mb4_unicode_ci NOT NULL,
  `model_id` bigint unsigned NOT NULL,
  PRIMARY KEY (`permission_id`,`model_id`,`model_type`),
  KEY `model_has_permissions_model_id_model_type_index` (`model_id`,`model_type`),
  CONSTRAINT `model_has_permissions_permission_id_foreign` FOREIGN KEY (`permission_id`) REFERENCES `permissions` (`id`) ON DELETE CASCADE
) ENGINE=InnoDB DEFAULT CHARSET=utf8mb4 COLLATE=utf8mb4_unicode_ci;

DROP TABLE IF EXISTS model_has_roles;
CREATE TABLE `model_has_roles` (
  `role_id` bigint unsigned NOT NULL,
  `model_type` varchar(255) COLLATE utf8mb4_unicode_ci NOT NULL,
  `model_id` bigint unsigned NOT NULL,
  PRIMARY KEY (`role_id`,`model_id`,`model_type`),
  KEY `model_has_roles_model_id_model_type_index` (`model_id`,`model_type`),
  CONSTRAINT `model_has_roles_role_id_foreign` FOREIGN KEY (`role_id`) REFERENCES `roles` (`id`) ON DELETE CASCADE
) ENGINE=InnoDB DEFAULT CHARSET=utf8mb4 COLLATE=utf8mb4_unicode_ci;

DROP TABLE IF EXISTS order_details;
CREATE TABLE `order_details` (
  `id` bigint unsigned NOT NULL AUTO_INCREMENT,
  `order_id` bigint unsigned DEFAULT NULL,
  `item_id` bigint unsigned DEFAULT NULL,
  `item_name` varchar(255) COLLATE utf8mb4_unicode_ci DEFAULT NULL,
  `item_image` varchar(255) COLLATE utf8mb4_unicode_ci DEFAULT NULL,
  `extras_id` varchar(255) COLLATE utf8mb4_unicode_ci DEFAULT NULL,
  `extras_name` varchar(255) COLLATE utf8mb4_unicode_ci DEFAULT NULL,
  `extras_price` varchar(255) COLLATE utf8mb4_unicode_ci DEFAULT NULL,
  `price` varchar(255) COLLATE utf8mb4_unicode_ci NOT NULL,
  `variants_id` varchar(255) COLLATE utf8mb4_unicode_ci DEFAULT NULL,
  `variants_name` varchar(255) COLLATE utf8mb4_unicode_ci DEFAULT NULL,
  `variants_price` varchar(255) COLLATE utf8mb4_unicode_ci DEFAULT NULL,
  `qty` varchar(255) COLLATE utf8mb4_unicode_ci DEFAULT NULL,
  `created_at` timestamp NULL DEFAULT NULL,
  `updated_at` timestamp NULL DEFAULT NULL,
  PRIMARY KEY (`id`)
) ENGINE=InnoDB AUTO_INCREMENT=48 DEFAULT CHARSET=utf8mb4 COLLATE=utf8mb4_unicode_ci;

DROP TABLE IF EXISTS orders;
CREATE TABLE `orders` (
  `id` bigint unsigned NOT NULL AUTO_INCREMENT,
  `vendor_id` int NOT NULL,
  `user_id` int DEFAULT NULL,
  `order_number` varchar(100) COLLATE utf8mb4_unicode_ci NOT NULL,
  `payment_type` int NOT NULL,
  `payment_id` text COLLATE utf8mb4_unicode_ci,
  `sub_total` varchar(255) COLLATE utf8mb4_unicode_ci NOT NULL,
  `tax` varchar(255) COLLATE utf8mb4_unicode_ci DEFAULT NULL,
  `grand_total` varchar(255) COLLATE utf8mb4_unicode_ci NOT NULL,
  `order_type` int NOT NULL DEFAULT '1' COMMENT '1 = Delivery (Dine_in - POS) , 2 = Pickup (TakeAway -POS)\r\n3 = Dine In (Front)',
  `table_id` int DEFAULT NULL,
  `address` varchar(255) COLLATE utf8mb4_unicode_ci DEFAULT NULL,
  `pincode` varchar(10) COLLATE utf8mb4_unicode_ci DEFAULT NULL,
  `building` varchar(255) COLLATE utf8mb4_unicode_ci DEFAULT NULL,
  `landmark` varchar(255) COLLATE utf8mb4_unicode_ci DEFAULT NULL,
  `delivery_area` varchar(255) COLLATE utf8mb4_unicode_ci DEFAULT NULL,
  `delivery_charge` varchar(50) COLLATE utf8mb4_unicode_ci DEFAULT NULL,
  `discount_amount` varchar(255) COLLATE utf8mb4_unicode_ci DEFAULT NULL,
  `couponcode` varchar(255) COLLATE utf8mb4_unicode_ci DEFAULT NULL,
  `order_notes` text COLLATE utf8mb4_unicode_ci,
  `customer_name` text COLLATE utf8mb4_unicode_ci,
  `customer_email` text COLLATE utf8mb4_unicode_ci,
  `mobile` text COLLATE utf8mb4_unicode_ci,
  `delivery_date` varchar(255) COLLATE utf8mb4_unicode_ci DEFAULT NULL,
  `delivery_time` varchar(255) COLLATE utf8mb4_unicode_ci DEFAULT NULL,
  `order_from` varchar(255) COLLATE utf8mb4_unicode_ci DEFAULT NULL,
  `status` int NOT NULL COMMENT '1  = pending , 2 = processing , 3 = deliverd , 4 = cancelled',
  `is_notification` int NOT NULL DEFAULT '1' COMMENT '1 = Unread , 2 = Read',
  `created_at` timestamp NULL DEFAULT NULL,
  `updated_at` timestamp NULL DEFAULT NULL,
  `block` text COLLATE utf8mb4_unicode_ci,
  `street` text COLLATE utf8mb4_unicode_ci,
  `house_num` text COLLATE utf8mb4_unicode_ci,
  `latitude` text COLLATE utf8mb4_unicode_ci,
  `longitude` text COLLATE utf8mb4_unicode_ci,
  `branch_id` int DEFAULT NULL,
  PRIMARY KEY (`id`)
) ENGINE=InnoDB AUTO_INCREMENT=35 DEFAULT CHARSET=utf8mb4 COLLATE=utf8mb4_unicode_ci;

DROP TABLE IF EXISTS password_resets;
CREATE TABLE `password_resets` (
  `email` varchar(255) COLLATE utf8mb4_unicode_ci NOT NULL,
  `token` varchar(255) COLLATE utf8mb4_unicode_ci NOT NULL,
  `created_at` timestamp NULL DEFAULT NULL,
  KEY `password_resets_email_index` (`email`)
) ENGINE=InnoDB DEFAULT CHARSET=utf8mb4 COLLATE=utf8mb4_unicode_ci;

DROP TABLE IF EXISTS payments;
CREATE TABLE `payments` (
  `id` bigint unsigned NOT NULL AUTO_INCREMENT,
  `vendor_id` int DEFAULT NULL,
  `payment_name` varchar(255) COLLATE utf8mb4_unicode_ci NOT NULL,
  `currency` varchar(255) COLLATE utf8mb4_unicode_ci DEFAULT '',
  `image` varchar(255) COLLATE utf8mb4_unicode_ci NOT NULL,
  `public_key` text COLLATE utf8mb4_unicode_ci,
  `secret_key` text COLLATE utf8mb4_unicode_ci,
  `encryption_key` text COLLATE utf8mb4_unicode_ci,
  `environment` int NOT NULL,
  `bank_name` text COLLATE utf8mb4_unicode_ci,
  `account_number` varchar(255) COLLATE utf8mb4_unicode_ci DEFAULT NULL,
  `account_holder_name` varchar(255) COLLATE utf8mb4_unicode_ci DEFAULT NULL,
  `bank_ifsc_code` varchar(255) COLLATE utf8mb4_unicode_ci DEFAULT NULL,
  `is_available` int NOT NULL,
  `is_activate` int NOT NULL DEFAULT '1' COMMENT '1=Yes,2=No',
  `created_at` timestamp NULL DEFAULT NULL,
  `updated_at` timestamp NULL DEFAULT NULL,
  PRIMARY KEY (`id`)
) ENGINE=InnoDB AUTO_INCREMENT=92 DEFAULT CHARSET=utf8mb4 COLLATE=utf8mb4_unicode_ci;

DROP TABLE IF EXISTS permissions;
CREATE TABLE `permissions` (
  `id` bigint unsigned NOT NULL AUTO_INCREMENT,
  `name` varchar(255) COLLATE utf8mb4_unicode_ci NOT NULL,
  `page` varchar(255) COLLATE utf8mb4_unicode_ci NOT NULL,
  `action` varchar(255) COLLATE utf8mb4_unicode_ci NOT NULL,
  `guard_name` varchar(255) COLLATE utf8mb4_unicode_ci NOT NULL,
  `created_at` timestamp NULL DEFAULT NULL,
  `updated_at` timestamp NULL DEFAULT NULL,
  PRIMARY KEY (`id`),
  UNIQUE KEY `permissions_name_guard_name_unique` (`name`,`guard_name`)
) ENGINE=InnoDB AUTO_INCREMENT=59 DEFAULT CHARSET=utf8mb4 COLLATE=utf8mb4_unicode_ci;

DROP TABLE IF EXISTS personal_access_tokens;
CREATE TABLE `personal_access_tokens` (
  `id` bigint unsigned NOT NULL AUTO_INCREMENT,
  `tokenable_type` varchar(255) COLLATE utf8mb4_unicode_ci NOT NULL,
  `tokenable_id` bigint unsigned NOT NULL,
  `name` varchar(255) COLLATE utf8mb4_unicode_ci NOT NULL,
  `token` varchar(64) COLLATE utf8mb4_unicode_ci NOT NULL,
  `abilities` text COLLATE utf8mb4_unicode_ci,
  `last_used_at` timestamp NULL DEFAULT NULL,
  `created_at` timestamp NULL DEFAULT NULL,
  `updated_at` timestamp NULL DEFAULT NULL,
  `expires_at` timestamp NULL DEFAULT NULL,
  PRIMARY KEY (`id`),
  UNIQUE KEY `personal_access_tokens_token_unique` (`token`),
  KEY `personal_access_tokens_tokenable_type_tokenable_id_index` (`tokenable_type`,`tokenable_id`)
) ENGINE=InnoDB AUTO_INCREMENT=19 DEFAULT CHARSET=utf8mb4 COLLATE=utf8mb4_unicode_ci;

DROP TABLE IF EXISTS plans;
CREATE TABLE `plans` (
  `id` int NOT NULL AUTO_INCREMENT,
  `name` text COLLATE utf8mb4_general_ci NOT NULL,
  `description` longtext COLLATE utf8mb4_general_ci NOT NULL,
  `features` varchar(255) CHARACTER SET utf8mb4 COLLATE utf8mb4_unicode_ci NOT NULL,
  `price` float NOT NULL,
  `themes_id` varchar(255) CHARACTER SET utf8mb4 COLLATE utf8mb4_unicode_ci NOT NULL,
  `plan_type` int NOT NULL COMMENT '1 = duration, 2 = days',
  `duration` varchar(255) COLLATE utf8mb4_general_ci NOT NULL COMMENT '1=1 month\r\n2=3 month\r\n3=6 month\r\n4=1\r\n year\r\n5 = Lifetime\r\n\r\n',
  `days` int NOT NULL,
  `order_limit` int NOT NULL,
  `appointment_limit` int NOT NULL,
  `custom_domain` int NOT NULL COMMENT '1=yes,2=no',
  `google_analytics` int NOT NULL COMMENT '1=yes,2=no',
  `coupons` int NOT NULL DEFAULT '2',
  `blogs` int NOT NULL DEFAULT '2',
  `social_logins` int NOT NULL DEFAULT '2',
  `sound_notification` int NOT NULL DEFAULT '2',
  `whatsapp_message` int NOT NULL DEFAULT '2',
  `telegram_message` int NOT NULL DEFAULT '2',
  `pos` int NOT NULL DEFAULT '2',
  `tableqr` int NOT NULL DEFAULT '2',
  `vendor_app` int NOT NULL,
  `is_available` int DEFAULT '1' COMMENT '1=Yes\r\n2=No\r\n',
  `created_at` timestamp NOT NULL DEFAULT CURRENT_TIMESTAMP,
  `updated_at` timestamp NOT NULL DEFAULT CURRENT_TIMESTAMP,
  PRIMARY KEY (`id`)
) ENGINE=InnoDB AUTO_INCREMENT=2 DEFAULT CHARSET=utf8mb4 COLLATE=utf8mb4_general_ci;

DROP TABLE IF EXISTS privacypolicy;
CREATE TABLE `privacypolicy` (
  `id` int NOT NULL AUTO_INCREMENT,
  `vendor_id` int NOT NULL,
  `privacypolicy_content` longtext COLLATE utf8mb4_general_ci NOT NULL,
  `created_at` timestamp NOT NULL DEFAULT CURRENT_TIMESTAMP,
  `updated_at` timestamp NOT NULL DEFAULT CURRENT_TIMESTAMP,
  PRIMARY KEY (`id`)
) ENGINE=InnoDB AUTO_INCREMENT=2 DEFAULT CHARSET=utf8mb4 COLLATE=utf8mb4_general_ci;

DROP TABLE IF EXISTS promotionalbanner;
CREATE TABLE `promotionalbanner` (
  `id` int NOT NULL AUTO_INCREMENT,
  `vendor_id` int NOT NULL,
  `image` varchar(255) COLLATE utf8mb3_unicode_ci NOT NULL,
  `created_at` timestamp NOT NULL DEFAULT CURRENT_TIMESTAMP,
  `updated_at` timestamp NOT NULL DEFAULT CURRENT_TIMESTAMP,
  PRIMARY KEY (`id`)
) ENGINE=InnoDB AUTO_INCREMENT=4 DEFAULT CHARSET=utf8mb3 COLLATE=utf8mb3_unicode_ci;

DROP TABLE IF EXISTS refund_policy;
CREATE TABLE `refund_policy` (
  `id` int NOT NULL AUTO_INCREMENT,
  `vendor_id` int NOT NULL,
  `refund_policy_content` longtext COLLATE utf8mb4_general_ci NOT NULL,
  `created_at` timestamp NOT NULL DEFAULT CURRENT_TIMESTAMP,
  `updated_at` timestamp NOT NULL DEFAULT CURRENT_TIMESTAMP,
  PRIMARY KEY (`id`)
) ENGINE=InnoDB AUTO_INCREMENT=2 DEFAULT CHARSET=utf8mb4 COLLATE=utf8mb4_general_ci;

DROP TABLE IF EXISTS role_has_permissions;
CREATE TABLE `role_has_permissions` (
  `permission_id` bigint unsigned NOT NULL,
  `role_id` bigint unsigned NOT NULL,
  PRIMARY KEY (`permission_id`,`role_id`),
  KEY `role_has_permissions_role_id_foreign` (`role_id`),
  CONSTRAINT `role_has_permissions_permission_id_foreign` FOREIGN KEY (`permission_id`) REFERENCES `permissions` (`id`) ON DELETE CASCADE,
  CONSTRAINT `role_has_permissions_role_id_foreign` FOREIGN KEY (`role_id`) REFERENCES `roles` (`id`) ON DELETE CASCADE
) ENGINE=InnoDB DEFAULT CHARSET=utf8mb4 COLLATE=utf8mb4_unicode_ci;

DROP TABLE IF EXISTS roles;
CREATE TABLE `roles` (
  `id` bigint unsigned NOT NULL AUTO_INCREMENT,
  `name` varchar(255) COLLATE utf8mb4_unicode_ci NOT NULL,
  `guard_name` varchar(255) COLLATE utf8mb4_unicode_ci NOT NULL,
  `created_at` timestamp NULL DEFAULT NULL,
  `updated_at` timestamp NULL DEFAULT NULL,
  PRIMARY KEY (`id`),
  UNIQUE KEY `roles_name_guard_name_unique` (`name`,`guard_name`)
) ENGINE=InnoDB AUTO_INCREMENT=15 DEFAULT CHARSET=utf8mb4 COLLATE=utf8mb4_unicode_ci;

DROP TABLE IF EXISTS settings;
CREATE TABLE `settings` (
  `id` int unsigned NOT NULL AUTO_INCREMENT,
  `vendor_id` int NOT NULL,
  `currency` varchar(255) COLLATE utf8mb4_unicode_ci NOT NULL,
  `currency_position` varchar(255) COLLATE utf8mb4_unicode_ci NOT NULL,
  `maintenance_mode` int DEFAULT '2' COMMENT '1 = yes, 2 = no',
  `checkout_login_required` int DEFAULT '2' COMMENT '1 = Yes , 2 = No',
  `logo` varchar(255) COLLATE utf8mb4_unicode_ci NOT NULL DEFAULT 'default-logo.png',
  `favicon` varchar(255) COLLATE utf8mb4_unicode_ci NOT NULL DEFAULT 'default_favicon.png',
  `delivery_type` varchar(10) COLLATE utf8mb4_unicode_ci NOT NULL,
  `timezone` varchar(255) COLLATE utf8mb4_unicode_ci NOT NULL,
  `address` varchar(255) COLLATE utf8mb4_unicode_ci NOT NULL,
  `email` varchar(255) COLLATE utf8mb4_unicode_ci NOT NULL,
  `description` text COLLATE utf8mb4_unicode_ci,
  `contact` varchar(255) COLLATE utf8mb4_unicode_ci NOT NULL,
  `copyright` varchar(255) COLLATE utf8mb4_unicode_ci NOT NULL,
  `website_title` varchar(255) COLLATE utf8mb4_unicode_ci NOT NULL,
  `meta_title` varchar(255) COLLATE utf8mb4_unicode_ci NOT NULL,
  `meta_description` text COLLATE utf8mb4_unicode_ci NOT NULL,
  `og_image` varchar(255) COLLATE utf8mb4_unicode_ci NOT NULL DEFAULT 'og_image.png',
  `mail_driver` varchar(255) COLLATE utf8mb4_unicode_ci DEFAULT NULL,
  `mail_host` varchar(255) COLLATE utf8mb4_unicode_ci DEFAULT NULL,
  `mail_port` varchar(255) COLLATE utf8mb4_unicode_ci DEFAULT NULL,
  `mail_username` varchar(255) COLLATE utf8mb4_unicode_ci DEFAULT NULL,
  `mail_password` varchar(255) COLLATE utf8mb4_unicode_ci DEFAULT NULL,
  `mail_encryption` varchar(255) COLLATE utf8mb4_unicode_ci DEFAULT NULL,
  `mail_fromaddress` varchar(255) COLLATE utf8mb4_unicode_ci DEFAULT NULL,
  `mail_fromname` varchar(255) COLLATE utf8mb4_unicode_ci DEFAULT NULL,
  `facebook_link` varchar(255) COLLATE utf8mb4_unicode_ci NOT NULL,
  `twitter_link` varchar(255) COLLATE utf8mb4_unicode_ci NOT NULL,
  `instagram_link` varchar(255) COLLATE utf8mb4_unicode_ci NOT NULL,
  `linkedin_link` varchar(255) COLLATE utf8mb4_unicode_ci NOT NULL,
  `whatsapp_widget` longtext COLLATE utf8mb4_unicode_ci,
  `whatsapp_message` longtext COLLATE utf8mb4_unicode_ci NOT NULL,
  `telegram_message` longtext COLLATE utf8mb4_unicode_ci,
  `telegram_access_token` text COLLATE utf8mb4_unicode_ci,
  `telegram_chat_id` text COLLATE utf8mb4_unicode_ci,
  `item_message` text COLLATE utf8mb4_unicode_ci NOT NULL,
  `language` int NOT NULL DEFAULT '1',
  `template` int NOT NULL DEFAULT '1',
  `template_type` int NOT NULL DEFAULT '1' COMMENT '1 for Grid , 2 for List	',
  `primary_color` varchar(255) COLLATE utf8mb4_unicode_ci NOT NULL DEFAULT '#171a29',
  `secondary_color` varchar(255) COLLATE utf8mb4_unicode_ci NOT NULL DEFAULT '#171a29',
  `landing_website_title` varchar(255) COLLATE utf8mb4_unicode_ci DEFAULT NULL,
  `custom_domain` text COLLATE utf8mb4_unicode_ci,
  `cname_title` text COLLATE utf8mb4_unicode_ci,
  `cname_text` text COLLATE utf8mb4_unicode_ci,
  `interval_time` varchar(255) COLLATE utf8mb4_unicode_ci NOT NULL,
  `interval_type` int NOT NULL,
  `time_format` int NOT NULL DEFAULT '1' COMMENT '1=Yes,2=No',
  `banner` varchar(255) COLLATE utf8mb4_unicode_ci NOT NULL DEFAULT 'default-banner.png',
  `tracking_id` varchar(255) COLLATE utf8mb4_unicode_ci DEFAULT NULL,
  `view_id` varchar(255) COLLATE utf8mb4_unicode_ci DEFAULT NULL,
  `firebase` longtext COLLATE utf8mb4_unicode_ci,
  `cover_image` varchar(255) COLLATE utf8mb4_unicode_ci NOT NULL DEFAULT 'default-cover.png',
  `notification_sound` varchar(255) COLLATE utf8mb4_unicode_ci NOT NULL DEFAULT 'notification.mp3',
  `recaptcha_version` varchar(255) COLLATE utf8mb4_unicode_ci DEFAULT NULL,
  `facebook_client_id` text COLLATE utf8mb4_unicode_ci,
  `facebook_client_secret` text COLLATE utf8mb4_unicode_ci,
  `facebook_redirect_url` text COLLATE utf8mb4_unicode_ci,
  `google_client_id` text COLLATE utf8mb4_unicode_ci,
  `google_client_secret` text COLLATE utf8mb4_unicode_ci,
  `google_redirect_url` text COLLATE utf8mb4_unicode_ci,
  `google_recaptcha_site_key` varchar(255) COLLATE utf8mb4_unicode_ci DEFAULT NULL,
  `google_recaptcha_secret_key` varchar(255) COLLATE utf8mb4_unicode_ci DEFAULT NULL,
  `score_threshold` varchar(255) COLLATE utf8mb4_unicode_ci DEFAULT NULL,
  `cookie_text` text COLLATE utf8mb4_unicode_ci,
  `cookie_button_text` text COLLATE utf8mb4_unicode_ci,
  `facebook_login` int NOT NULL DEFAULT '2' COMMENT '1 = Yes , 2 = No',
  `google_login` int NOT NULL DEFAULT '2' COMMENT '1 = Yes , 2 = No',
  `subscribe_background` varchar(255) COLLATE utf8mb4_unicode_ci DEFAULT NULL,
  `created_at` timestamp NULL DEFAULT NULL,
  `updated_at` timestamp NULL DEFAULT NULL,
  `pixel_header` longtext COLLATE utf8mb4_unicode_ci,
  `pixel_footer` longtext COLLATE utf8mb4_unicode_ci,
  `home_background_color` varchar(255) COLLATE utf8mb4_unicode_ci DEFAULT NULL,
  `footer_background` varchar(255) COLLATE utf8mb4_unicode_ci DEFAULT NULL,
  `minimum_price` double(8,2) NOT NULL,
  PRIMARY KEY (`id`)
) ENGINE=InnoDB AUTO_INCREMENT=15 DEFAULT CHARSET=utf8mb4 COLLATE=utf8mb4_unicode_ci;

DROP TABLE IF EXISTS subscribers;
CREATE TABLE `subscribers` (
  `id` int unsigned NOT NULL AUTO_INCREMENT,
  `vendor_id` int NOT NULL,
  `email` varchar(255) COLLATE utf8mb4_unicode_ci NOT NULL,
  `created_at` timestamp NULL DEFAULT NULL,
  `updated_at` timestamp NULL DEFAULT NULL,
  PRIMARY KEY (`id`)
) ENGINE=InnoDB AUTO_INCREMENT=11 DEFAULT CHARSET=utf8mb4 COLLATE=utf8mb4_unicode_ci;

DROP TABLE IF EXISTS systemaddons;
CREATE TABLE `systemaddons` (
  `id` int NOT NULL AUTO_INCREMENT,
  `name` varchar(255) COLLATE utf8mb4_general_ci NOT NULL,
  `unique_identifier` varchar(255) COLLATE utf8mb4_general_ci NOT NULL,
  `version` varchar(20) COLLATE utf8mb4_general_ci NOT NULL,
  `activated` int NOT NULL,
  `image` varchar(255) COLLATE utf8mb4_general_ci NOT NULL,
  `type` int DEFAULT NULL,
  `created_at` timestamp NOT NULL DEFAULT CURRENT_TIMESTAMP,
  `updated_at` timestamp NOT NULL DEFAULT CURRENT_TIMESTAMP,
  PRIMARY KEY (`id`)
) ENGINE=InnoDB AUTO_INCREMENT=10 DEFAULT CHARSET=utf8mb4 COLLATE=utf8mb4_general_ci;

DROP TABLE IF EXISTS table_area;
CREATE TABLE `table_area` (
  `id` int NOT NULL AUTO_INCREMENT,
  `vendor_id` int NOT NULL,
  `name` varchar(255) COLLATE utf8mb4_general_ci NOT NULL,
  `created_at` timestamp NULL DEFAULT NULL,
  `updated_at` timestamp NULL DEFAULT NULL,
  PRIMARY KEY (`id`)
) ENGINE=InnoDB DEFAULT CHARSET=utf8mb4 COLLATE=utf8mb4_general_ci;

DROP TABLE IF EXISTS table_book;
CREATE TABLE `table_book` (
  `id` int NOT NULL AUTO_INCREMENT,
  `vendor_id` int NOT NULL,
  `event` varchar(255) COLLATE utf8mb4_general_ci NOT NULL,
  `people` bigint NOT NULL,
  `event_date` varchar(255) COLLATE utf8mb4_general_ci NOT NULL,
  `event_time` varchar(255) COLLATE utf8mb4_general_ci NOT NULL,
  `name` varchar(255) COLLATE utf8mb4_general_ci NOT NULL,
  `mobile` bigint NOT NULL,
  `email` varchar(255) COLLATE utf8mb4_general_ci NOT NULL,
  `notes` text COLLATE utf8mb4_general_ci,
  `created_at` timestamp NULL DEFAULT NULL,
  `updated_at` timestamp NULL DEFAULT NULL,
  PRIMARY KEY (`id`)
) ENGINE=InnoDB AUTO_INCREMENT=2 DEFAULT CHARSET=utf8mb4 COLLATE=utf8mb4_general_ci;

DROP TABLE IF EXISTS tableqr;
CREATE TABLE `tableqr` (
  `id` int NOT NULL AUTO_INCREMENT,
  `vendor_id` int NOT NULL,
  `area_id` int NOT NULL COMMENT ' ',
  `name` varchar(255) COLLATE utf8mb4_general_ci NOT NULL,
  `size` bigint NOT NULL,
  `created_at` timestamp NULL DEFAULT NULL,
  `updated_at` timestamp NULL DEFAULT NULL,
  PRIMARY KEY (`id`)
) ENGINE=InnoDB DEFAULT CHARSET=utf8mb4 COLLATE=utf8mb4_general_ci;

DROP TABLE IF EXISTS terms;
CREATE TABLE `terms` (
  `id` int NOT NULL AUTO_INCREMENT,
  `vendor_id` int NOT NULL,
  `terms_content` longtext COLLATE utf8mb4_general_ci NOT NULL,
  `created_at` timestamp NOT NULL DEFAULT CURRENT_TIMESTAMP,
  `updated_at` timestamp NOT NULL DEFAULT CURRENT_TIMESTAMP,
  PRIMARY KEY (`id`)
) ENGINE=InnoDB AUTO_INCREMENT=3 DEFAULT CHARSET=utf8mb4 COLLATE=utf8mb4_general_ci;

DROP TABLE IF EXISTS testimonials;
CREATE TABLE `testimonials` (
  `id` int NOT NULL AUTO_INCREMENT,
  `vendor_id` int NOT NULL,
  `star` int NOT NULL,
  `description` longtext COLLATE utf8mb4_general_ci NOT NULL,
  `name` varchar(255) COLLATE utf8mb4_general_ci NOT NULL,
  `image` varchar(255) COLLATE utf8mb4_general_ci NOT NULL,
  `position` varchar(255) COLLATE utf8mb4_general_ci NOT NULL,
  `created_at` timestamp NOT NULL DEFAULT CURRENT_TIMESTAMP,
  `updated_at` timestamp NOT NULL DEFAULT CURRENT_TIMESTAMP,
  PRIMARY KEY (`id`)
) ENGINE=InnoDB DEFAULT CHARSET=utf8mb4 COLLATE=utf8mb4_general_ci;

DROP TABLE IF EXISTS timings;
CREATE TABLE `timings` (
  `id` int NOT NULL AUTO_INCREMENT,
  `vendor_id` int NOT NULL,
  `day` varchar(50) NOT NULL,
  `open_time` varchar(30) NOT NULL,
  `break_start` varchar(255) NOT NULL,
  `break_end` varchar(255) NOT NULL,
  `close_time` varchar(30) NOT NULL,
  `is_always_close` tinyint(1) NOT NULL COMMENT '1 For Yes, 2 For No',
  `created_at` timestamp NOT NULL DEFAULT CURRENT_TIMESTAMP ON UPDATE CURRENT_TIMESTAMP,
  `updated_at` timestamp NOT NULL DEFAULT CURRENT_TIMESTAMP,
  PRIMARY KEY (`id`)
) ENGINE=InnoDB AUTO_INCREMENT=64 DEFAULT CHARSET=latin1;

DROP TABLE IF EXISTS transactions;
CREATE TABLE `transactions` (
  `id` int NOT NULL AUTO_INCREMENT,
  `vendor_id` int NOT NULL,
  `plan_id` int NOT NULL,
  `plan_name` varchar(255) COLLATE utf8mb4_general_ci DEFAULT NULL,
  `payment_type` varchar(255) COLLATE utf8mb4_general_ci NOT NULL COMMENT 'payment_type = COD : 1,RazorPay : 2, Stripe : 3, Flutterwave : 4, Paystack : 5, Mercado Pago : 7, PayPal : 8, MyFatoorah : 9, toyyibpay : 10',
  `payment_id` varchar(255) COLLATE utf8mb4_general_ci DEFAULT NULL,
  `amount` float NOT NULL DEFAULT '0',
  `duration` varchar(255) COLLATE utf8mb4_general_ci NOT NULL COMMENT '1=1 Month,\r\n2=3Month\r\n3=6 Month\r\n4=1 Year',
  `days` int DEFAULT NULL,
  `purchase_date` varchar(255) COLLATE utf8mb4_general_ci NOT NULL,
  `service_limit` varchar(255) COLLATE utf8mb4_general_ci NOT NULL,
  `appoinment_limit` varchar(255) COLLATE utf8mb4_general_ci NOT NULL,
  `custom_domain` int NOT NULL COMMENT '1 = yes, 2 = no',
  `google_analytics` int NOT NULL COMMENT '1 = yes, 2 = no',
  `coupons` int NOT NULL DEFAULT '2',
  `blogs` int NOT NULL DEFAULT '2',
  `social_logins` int NOT NULL DEFAULT '2',
  `sound_notification` int NOT NULL DEFAULT '2',
  `whatsapp_message` int NOT NULL DEFAULT '2',
  `telegram_message` int NOT NULL DEFAULT '2',
  `pos` int NOT NULL DEFAULT '2',
  `tableqr` int NOT NULL DEFAULT '2',
  `vendor_app` int NOT NULL COMMENT '1 = Yes , 2 = No',
  `expire_date` varchar(255) COLLATE utf8mb4_general_ci NOT NULL,
  `themes_id` varchar(255) COLLATE utf8mb4_general_ci DEFAULT NULL,
  `screenshot` varchar(255) COLLATE utf8mb4_general_ci DEFAULT NULL,
  `status` int NOT NULL COMMENT '1 = pending, 2 = yes/BankTransferAccepted,3=no/BankTransferDeclined',
  `created_at` timestamp NOT NULL DEFAULT CURRENT_TIMESTAMP,
  `updated_at` timestamp NOT NULL DEFAULT CURRENT_TIMESTAMP,
  PRIMARY KEY (`id`)
) ENGINE=InnoDB DEFAULT CHARSET=utf8mb4 COLLATE=utf8mb4_general_ci;

DROP TABLE IF EXISTS user_addresses;
CREATE TABLE `user_addresses` (
  `id` bigint unsigned NOT NULL AUTO_INCREMENT,
  `user_id` int unsigned NOT NULL,
  `title` varchar(255) COLLATE utf8mb4_unicode_ci NOT NULL,
  `type` int NOT NULL,
  `address` text COLLATE utf8mb4_unicode_ci NOT NULL,
  `house_num` varchar(255) COLLATE utf8mb4_unicode_ci NOT NULL,
  `street` varchar(255) COLLATE utf8mb4_unicode_ci NOT NULL,
  `block` varchar(255) COLLATE utf8mb4_unicode_ci NOT NULL,
  `pincode` varchar(255) COLLATE utf8mb4_unicode_ci NOT NULL,
  `building` varchar(255) COLLATE utf8mb4_unicode_ci NOT NULL,
  `landmark` varchar(255) COLLATE utf8mb4_unicode_ci NOT NULL,
  `delivery_area` varchar(255) COLLATE utf8mb4_unicode_ci NOT NULL,
  `latitude` varchar(255) COLLATE utf8mb4_unicode_ci NOT NULL,
  `longitude` varchar(255) COLLATE utf8mb4_unicode_ci NOT NULL,
  `created_at` timestamp NULL DEFAULT NULL,
  `updated_at` timestamp NULL DEFAULT NULL,
  `is_active` tinyint(1) DEFAULT NULL,
  `vendor_id` int DEFAULT NULL,
  PRIMARY KEY (`id`),
  KEY `user_addresses_user_id_foreign` (`user_id`),
  CONSTRAINT `user_addresses_user_id_foreign` FOREIGN KEY (`user_id`) REFERENCES `users` (`id`) ON DELETE CASCADE
) ENGINE=InnoDB AUTO_INCREMENT=7 DEFAULT CHARSET=utf8mb4 COLLATE=utf8mb4_unicode_ci;

DROP TABLE IF EXISTS users;
CREATE TABLE `users` (
  `id` int unsigned NOT NULL AUTO_INCREMENT,
  `name` varchar(255) CHARACTER SET utf8mb4 COLLATE utf8mb4_general_ci NOT NULL,
  `slug` varchar(255) CHARACTER SET utf8mb4 COLLATE utf8mb4_general_ci DEFAULT NULL,
  `email` varchar(255) COLLATE utf8mb4_unicode_ci DEFAULT NULL,
  `mobile` varchar(255) COLLATE utf8mb4_unicode_ci DEFAULT NULL,
  `image` varchar(255) CHARACTER SET utf8mb4 COLLATE utf8mb4_unicode_ci DEFAULT NULL,
  `password` varchar(255) COLLATE utf8mb4_unicode_ci DEFAULT NULL,
  `google_id` varchar(255) COLLATE utf8mb4_unicode_ci DEFAULT NULL,
  `facebook_id` varchar(255) COLLATE utf8mb4_unicode_ci DEFAULT NULL,
  `login_type` varchar(255) COLLATE utf8mb4_unicode_ci NOT NULL,
  `type` tinyint(1) NOT NULL COMMENT '1=Admin,2=vendor,3=driver,4=User/Customer',
  `description` text COLLATE utf8mb4_unicode_ci,
  `token` longtext COLLATE utf8mb4_unicode_ci,
  `city_id` int DEFAULT NULL,
  `area_id` int DEFAULT NULL,
  `plan_id` varchar(255) COLLATE utf8mb4_unicode_ci DEFAULT NULL,
  `purchase_amount` varchar(255) COLLATE utf8mb4_unicode_ci DEFAULT NULL,
  `purchase_date` varchar(255) COLLATE utf8mb4_unicode_ci DEFAULT NULL,
  `available_on_landing` int NOT NULL DEFAULT '2' COMMENT '1 = Yes , 2 = No',
  `payment_id` varchar(255) COLLATE utf8mb4_unicode_ci DEFAULT NULL,
  `payment_type` int DEFAULT NULL,
  `free_plan` int NOT NULL DEFAULT '0',
  `is_delivery` tinyint(1) DEFAULT NULL COMMENT '1=Yes,2=No',
  `allow_without_subscription` int NOT NULL DEFAULT '2' COMMENT '1=Yes,2=No',
  `is_verified` tinyint(1) NOT NULL COMMENT '1=Yes,2=No',
  `is_available` tinyint(1) NOT NULL COMMENT '1=Yes,2=No',
  `remember_token` varchar(100) COLLATE utf8mb4_unicode_ci DEFAULT NULL,
  `license_type` text COLLATE utf8mb4_unicode_ci,
  `created_at` timestamp NULL DEFAULT NULL,
  `updated_at` timestamp NULL DEFAULT NULL,
  `user_id` int NOT NULL,
  PRIMARY KEY (`id`)
) ENGINE=InnoDB AUTO_INCREMENT=33 DEFAULT CHARSET=utf8mb4 COLLATE=utf8mb4_unicode_ci;

DROP TABLE IF EXISTS variants;
CREATE TABLE `variants` (
  `id` int NOT NULL AUTO_INCREMENT,
  `item_id` int NOT NULL,
  `name` varchar(255) COLLATE utf8mb4_general_ci NOT NULL,
  `price` float NOT NULL,
  `original_price` float NOT NULL,
  `created_at` timestamp NOT NULL DEFAULT CURRENT_TIMESTAMP,
  `updated_at` timestamp NOT NULL DEFAULT CURRENT_TIMESTAMP,
  PRIMARY KEY (`id`)
) ENGINE=InnoDB AUTO_INCREMENT=11 DEFAULT CHARSET=utf8mb4 COLLATE=utf8mb4_general_ci;

INSERT INTO about(id,vendor_id,about_content,created_at,updated_at) VALUES('1','1','X\'3c703e3c6269673e3c7374726f6e673e41626f75742055733c2f7374726f6e673e3c2f6269673e3c2f703e0d0a0d0a3c703e266e6273703b3c2f703e0d0a0d0a3c703e2671756f743b5365642075742070657273706963696174697320756e6465206f6d6e69732069737465206e61747573206572726f722073697420766f6c7570746174656d206163637573616e7469756d20646f6c6f72656d717565206c617564616e7469756d2c20746f74616d2072656d206170657269616d2c2065617175652069707361207175616520616220696c6c6f20696e76656e746f726520766572697461746973206574207175617369206172636869746563746f206265617461652076697461652064696374612073756e74206578706c696361626f2e204e656d6f20656e696d20697073616d20766f6c7570746174656d207175696120766f6c7570746173207369742061737065726e6174757220617574206f646974206175742066756769742c20736564207175696120636f6e73657175756e747572206d61676e6920646f6c6f72657320656f732071756920726174696f6e6520766f6c7570746174656d207365717569206e65736369756e742e204e6571756520706f72726f20717569737175616d206573742c2071756920646f6c6f72656d20697073756d207175696120646f6c6f722073697420616d65742c20636f6e73656374657475722c2061646970697363692076656c69742c207365642071756961206e6f6e206e756d7175616d2065697573206d6f64692074656d706f726120696e636964756e74207574206c61626f726520657420646f6c6f7265206d61676e616d20616c697175616d207175616572617420766f6c7570746174656d2e20557420656e696d206164206d696e696d612076656e69616d2c2071756973206e6f737472756d20657865726369746174696f6e656d20756c6c616d20636f72706f726973207375736369706974206c61626f72696f73616d2c206e69736920757420616c697175696420657820656120636f6d6d6f646920636f6e73657175617475723f205175697320617574656d2076656c2065756d206975726520726570726568656e64657269742071756920696e20656120766f6c7570746174652076656c69742065737365207175616d206e6968696c206d6f6c65737469616520636f6e73657175617475722c2076656c20696c6c756d2071756920646f6c6f72656d2065756d206675676961742071756f20766f6c7570746173206e756c6c612070617269617475723f2671756f743b3c2f703e0d0a0d0a3c703e266e6273703b3c2f703e0d0a0d0a3c703e2671756f743b5365642075742070657273706963696174697320756e6465206f6d6e69732069737465206e61747573206572726f722073697420766f6c7570746174656d206163637573616e7469756d20646f6c6f72656d717565206c617564616e7469756d2c20746f74616d2072656d206170657269616d2c2065617175652069707361207175616520616220696c6c6f20696e76656e746f726520766572697461746973206574207175617369206172636869746563746f206265617461652076697461652064696374612073756e74206578706c696361626f2e204e656d6f20656e696d20697073616d20766f6c7570746174656d207175696120766f6c7570746173207369742061737065726e6174757220617574206f646974206175742066756769742c20736564207175696120636f6e73657175756e747572206d61676e6920646f6c6f72657320656f732071756920726174696f6e6520766f6c7570746174656d207365717569206e65736369756e742e204e6571756520706f72726f20717569737175616d206573742c2071756920646f6c6f72656d20697073756d207175696120646f6c6f722073697420616d65742c20636f6e73656374657475722c2061646970697363692076656c69742c207365642071756961206e6f6e206e756d7175616d2065697573206d6f64692074656d706f726120696e636964756e74207574206c61626f726520657420646f6c6f7265206d61676e616d20616c697175616d207175616572617420766f6c7570746174656d2e20557420656e696d206164206d696e696d612076656e69616d2c2071756973206e6f737472756d20657865726369746174696f6e656d20756c6c616d20636f72706f726973207375736369706974206c61626f72696f73616d2c206e69736920757420616c697175696420657820656120636f6d6d6f646920636f6e73657175617475723f205175697320617574656d2076656c2065756d206975726520726570726568656e64657269742071756920696e20656120766f6c7570746174652076656c69742065737365207175616d206e6968696c206d6f6c65737469616520636f6e73657175617475722c2076656c20696c6c756d2071756920646f6c6f72656d2065756d206675676961742071756f20766f6c7570746173206e756c6c612070617269617475723f2671756f743b3c2f703e0d0a0d0a3c703e266e6273703b3c2f703e0d0a0d0a3c703e2671756f743b5365642075742070657273706963696174697320756e6465206f6d6e69732069737465206e61747573206572726f722073697420766f6c7570746174656d206163637573616e7469756d20646f6c6f72656d717565206c617564616e7469756d2c20746f74616d2072656d206170657269616d2c2065617175652069707361207175616520616220696c6c6f20696e76656e746f726520766572697461746973206574207175617369206172636869746563746f206265617461652076697461652064696374612073756e74206578706c696361626f2e204e656d6f20656e696d20697073616d20766f6c7570746174656d207175696120766f6c7570746173207369742061737065726e6174757220617574206f646974206175742066756769742c20736564207175696120636f6e73657175756e747572206d61676e6920646f6c6f72657320656f732071756920726174696f6e6520766f6c7570746174656d207365717569206e65736369756e742e204e6571756520706f72726f20717569737175616d206573742c2071756920646f6c6f72656d20697073756d207175696120646f6c6f722073697420616d65742c20636f6e73656374657475722c2061646970697363692076656c69742c207365642071756961206e6f6e206e756d7175616d2065697573206d6f64692074656d706f726120696e636964756e74207574206c61626f726520657420646f6c6f7265206d61676e616d20616c697175616d207175616572617420766f6c7570746174656d2e20557420656e696d206164206d696e696d612076656e69616d2c2071756973206e6f737472756d20657865726369746174696f6e656d20756c6c616d20636f72706f726973207375736369706974206c61626f72696f73616d2c206e69736920757420616c697175696420657820656120636f6d6d6f646920636f6e73657175617475723f205175697320617574656d2076656c2065756d206975726520726570726568656e64657269742071756920696e20656120766f6c7570746174652076656c69742065737365207175616d206e6968696c206d6f6c65737469616520636f6e73657175617475722c2076656c20696c6c756d2071756920646f6c6f72656d2065756d206675676961742071756f20766f6c7570746173206e756c6c612070617269617475723f2671756f743b3c2f703e0d0a0d0a3c703e266e6273703b3c2f703e0d0a0d0a3c703e2671756f743b5365642075742070657273706963696174697320756e6465206f6d6e69732069737465206e61747573206572726f722073697420766f6c7570746174656d206163637573616e7469756d20646f6c6f72656d717565206c617564616e7469756d2c20746f74616d2072656d206170657269616d2c2065617175652069707361207175616520616220696c6c6f20696e76656e746f726520766572697461746973206574207175617369206172636869746563746f206265617461652076697461652064696374612073756e74206578706c696361626f2e204e656d6f20656e696d20697073616d20766f6c7570746174656d207175696120766f6c7570746173207369742061737065726e6174757220617574206f646974206175742066756769742c20736564207175696120636f6e73657175756e747572206d61676e6920646f6c6f72657320656f732071756920726174696f6e6520766f6c7570746174656d207365717569206e65736369756e742e204e6571756520706f72726f20717569737175616d206573742c2071756920646f6c6f72656d20697073756d207175696120646f6c6f722073697420616d65742c20636f6e73656374657475722c2061646970697363692076656c69742c207365642071756961206e6f6e206e756d7175616d2065697573206d6f64692074656d706f726120696e636964756e74207574206c61626f726520657420646f6c6f7265206d61676e616d20616c697175616d207175616572617420766f6c7570746174656d2e20557420656e696d206164206d696e696d612076656e69616d2c2071756973206e6f737472756d20657865726369746174696f6e656d20756c6c616d20636f72706f726973207375736369706974206c61626f72696f73616d2c206e69736920757420616c697175696420657820656120636f6d6d6f646920636f6e73657175617475723f205175697320617574656d2076656c2065756d206975726520726570726568656e64657269742071756920696e20656120766f6c7570746174652076656c69742065737365207175616d206e6968696c206d6f6c65737469616520636f6e73657175617475722c2076656c20696c6c756d2071756920646f6c6f72656d2065756d206675676961742071756f20766f6c7570746173206e756c6c612070617269617475723f2671756f743b3c2f703e0d0a0d0a3c703e266e6273703b3c2f703e0d0a0d0a3c703e2671756f743b5365642075742070657273706963696174697320756e6465206f6d6e69732069737465206e61747573206572726f722073697420766f6c7570746174656d206163637573616e7469756d20646f6c6f72656d717565206c617564616e7469756d2c20746f74616d2072656d206170657269616d2c2065617175652069707361207175616520616220696c6c6f20696e76656e746f726520766572697461746973206574207175617369206172636869746563746f206265617461652076697461652064696374612073756e74206578706c696361626f2e204e656d6f20656e696d20697073616d20766f6c7570746174656d207175696120766f6c7570746173207369742061737065726e6174757220617574206f646974206175742066756769742c20736564207175696120636f6e73657175756e747572206d61676e6920646f6c6f72657320656f732071756920726174696f6e6520766f6c7570746174656d207365717569206e65736369756e742e204e6571756520706f72726f20717569737175616d206573742c2071756920646f6c6f72656d20697073756d207175696120646f6c6f722073697420616d65742c20636f6e73656374657475722c2061646970697363692076656c69742c207365642071756961206e6f6e206e756d7175616d2065697573206d6f64692074656d706f726120696e636964756e74207574206c61626f726520657420646f6c6f7265206d61676e616d20616c697175616d207175616572617420766f6c7570746174656d2e20557420656e696d206164206d696e696d612076656e69616d2c2071756973206e6f737472756d20657865726369746174696f6e656d20756c6c616d20636f72706f726973207375736369706974206c61626f72696f73616d2c206e69736920757420616c697175696420657820656120636f6d6d6f646920636f6e73657175617475723f205175697320617574656d2076656c2065756d206975726520726570726568656e64657269742071756920696e20656120766f6c7570746174652076656c69742065737365207175616d206e6968696c206d6f6c65737469616520636f6e73657175617475722c2076656c20696c6c756d2071756920646f6c6f72656d2065756d206675676961742071756f20766f6c7570746173206e756c6c612070617269617475723f2671756f743b3c2f703e0d0a0d0a3c703e266e6273703b3c2f703e0d0a0d0a3c703e2671756f743b5365642075742070657273706963696174697320756e6465206f6d6e69732069737465206e61747573206572726f722073697420766f6c7570746174656d206163637573616e7469756d20646f6c6f72656d717565206c617564616e7469756d2c20746f74616d2072656d206170657269616d2c2065617175652069707361207175616520616220696c6c6f20696e76656e746f726520766572697461746973206574207175617369206172636869746563746f206265617461652076697461652064696374612073756e74206578706c696361626f2e204e656d6f20656e696d20697073616d20766f6c7570746174656d207175696120766f6c7570746173207369742061737065726e6174757220617574206f646974206175742066756769742c20736564207175696120636f6e73657175756e747572206d61676e6920646f6c6f72657320656f732071756920726174696f6e6520766f6c7570746174656d207365717569206e65736369756e742e204e6571756520706f72726f20717569737175616d206573742c2071756920646f6c6f72656d20697073756d207175696120646f6c6f722073697420616d65742c20636f6e73656374657475722c2061646970697363692076656c69742c207365642071756961206e6f6e206e756d7175616d2065697573206d6f64692074656d706f726120696e636964756e74207574206c61626f726520657420646f6c6f7265206d61676e616d20616c697175616d207175616572617420766f6c7570746174656d2e20557420656e696d206164206d696e696d612076656e69616d2c2071756973206e6f737472756d20657865726369746174696f6e656d20756c6c616d20636f72706f726973207375736369706974206c61626f72696f73616d2c206e69736920757420616c697175696420657820656120636f6d6d6f646920636f6e73657175617475723f205175697320617574656d2076656c2065756d206975726520726570726568656e64657269742071756920696e20656120766f6c7570746174652076656c69742065737365207175616d206e6968696c206d6f6c65737469616520636f6e73657175617475722c2076656c20696c6c756d2071756920646f6c6f72656d2065756d206675676961742071756f20766f6c7570746173206e756c6c612070617269617475723f2671756f743b3c2f703e0d0a0d0a3c703e266e6273703b3c2f703e0d0a0d0a3c703e2671756f743b5365642075742070657273706963696174697320756e6465206f6d6e69732069737465206e61747573206572726f722073697420766f6c7570746174656d206163637573616e7469756d20646f6c6f72656d717565206c617564616e7469756d2c20746f74616d2072656d206170657269616d2c2065617175652069707361207175616520616220696c6c6f20696e76656e746f726520766572697461746973206574207175617369206172636869746563746f206265617461652076697461652064696374612073756e74206578706c696361626f2e204e656d6f20656e696d20697073616d20766f6c7570746174656d207175696120766f6c7570746173207369742061737065726e6174757220617574206f646974206175742066756769742c20736564207175696120636f6e73657175756e747572206d61676e6920646f6c6f72657320656f732071756920726174696f6e6520766f6c7570746174656d207365717569206e65736369756e742e204e6571756520706f72726f20717569737175616d206573742c2071756920646f6c6f72656d20697073756d207175696120646f6c6f722073697420616d65742c20636f6e73656374657475722c2061646970697363692076656c69742c207365642071756961206e6f6e206e756d7175616d2065697573206d6f64692074656d706f726120696e636964756e74207574206c61626f726520657420646f6c6f7265206d61676e616d20616c697175616d207175616572617420766f6c7570746174656d2e20557420656e696d206164206d696e696d612076656e69616d2c2071756973206e6f737472756d20657865726369746174696f6e656d20756c6c616d20636f72706f726973207375736369706974206c61626f72696f73616d2c206e69736920757420616c697175696420657820656120636f6d6d6f646920636f6e73657175617475723f205175697320617574656d2076656c2065756d206975726520726570726568656e64657269742071756920696e20656120766f6c7570746174652076656c69742065737365207175616d206e6968696c206d6f6c65737469616520636f6e73657175617475722c2076656c20696c6c756d2071756920646f6c6f72656d2065756d206675676961742071756f20766f6c7570746173206e756c6c612070617269617475723f2671756f743b3c2f703e\'','\'2023-07-25 05:45:37\'','\'2023-07-25 05:45:37\'');

INSERT INTO area(id,city_id,area,is_deleted,is_available,created_at,updated_at) VALUES('1','1','\'sharq\'','2','1','\'2023-09-08 20:44:13\'','\'2023-09-08 20:44:13\'');

INSERT INTO banner_image(id,vendor_id,banner_image,created_at,updated_at) VALUES('1','3','\'banner-658263a5ae57a.jpg\'','\'2023-09-09 01:56:37\'','\'2023-12-20 10:46:45\''),('2','5','\'banner-6579396507cf2.jpeg\'','\'2023-12-13 11:56:05\'','\'2023-12-13 11:56:05\'');


INSERT INTO branches(id,vendor_id,name,deliveryarea_id,is_active,created_at,updated_at,latitude,longitude,address) VALUES('5','5','X\'7b226172223a2247617274682041677569727265222c22656e223a2247617274682041677569727265227d\'','9','1','\'2023-12-30 23:24:37\'','\'2024-01-06 20:34:26\'','\'25.25961052876637\'','\'55.36357154102781\'','X\'7b226172223a22373935362b5247205c75303632665c75303632385c7530363461202d205c75303632375c75303634345c75303632355c75303634355c75303632375c75303633315c75303632375c7530363261205c75303632375c75303634345c75303633395c75303633315c75303632385c75303634615c7530363239205c75303632375c75303634345c75303634355c75303632615c75303632645c75303632665c7530363239222c22656e223a22373935362b5247204475626169202d20556e69746564204172616220456d697261746573227d\''),('6','5','X\'7b226172223a2255746120466f776c6572222c22656e223a2255746120466f776c6572227d\'','6','0','\'2023-12-30 23:24:49\'','\'2024-01-06 20:41:27\'','\'25.264423113052654\'','\'55.355932609753395\'','X\'7b226172223a22373937342b5139205c75303632665c75303632385c7530363461202d205c75303632375c75303634345c75303632355c75303634355c75303632375c75303633315c75303632375c7530363261205c75303632375c75303634345c75303633395c75303633315c75303632385c75303634615c7530363239205c75303632375c75303634345c75303634355c75303632615c75303632645c75303632665c7530363239222c22656e223a22373937342b4d38204475626169202d20556e69746564204172616220456d697261746573227d\''),('7','5','X\'7b226172223a224d6f73746166612061686d6564222c22656e223a224d6f73746166612061686d6564227d\'','6','1','\'2024-01-06 18:32:53\'','\'2024-01-06 20:34:01\'','\'25.26100775030671\'','\'55.31713713856199\'','X\'7b226172223a22373836382b4356205c75303632665c75303632385c7530363461202d205c75303632375c75303634345c75303632355c75303634355c75303632375c75303633315c75303632375c7530363261205c75303632375c75303634345c75303633395c75303633315c75303632385c75303634615c7530363239205c75303632375c75303634345c75303634355c75303632615c75303632645c75303632665c7530363239222c22656e223a22373836382b4356204475626169202d20556e69746564204172616220456d697261746573227d\''),('8','5','X\'7b226172223a224d6f73746166612061686d6564222c22656e223a224d6f73746166612061686d6564227d\'','9','1','\'2024-01-06 18:33:59\'','\'2024-01-06 20:33:47\'','\'25.26562622931798\'','\'55.30486335010984\'','X\'7b226172223a2244656972612c204d616b746f756d2053742c20416c205265656d20546f776572202d205c75303632665c75303632385c7530363461202d205c75303632375c75303634345c75303632355c75303634355c75303632375c75303633315c75303632375c7530363261205c75303632375c75303634345c75303633395c75303633315c75303632385c75303634615c7530363239205c75303632375c75303634345c75303634355c75303632615c75303632645c75303632665c7530363239222c22656e223a2244656972612c204d616b746f756d2053742c20416c205265656d20546f776572202d205c75303632665c75303632385c7530363461202d20556e69746564204172616220456d697261746573227d\'');

INSERT INTO carts(id,vendor_id,user_id,session_id,item_id,item_name,item_image,item_price,tax,extras_id,extras_name,extras_price,qty,price,variants_id,variants_name,variants_price,is_available,created_at,updated_at) VALUES('6','4','1','\'utvW0Yd4mXk5j7aJTTrh7H50ZGUqBOTcwroAks1z\'','8','\' \'','\'item-6500ce1494802.jpg\'','\'5\'','\'0\'','NULL','NULL','NULL','2','\'5\'','NULL','NULL','NULL','1','\'2023-09-13 00:47:43\'','\'2023-09-13 00:47:43\''),('7','4','1','\'hLKXYORuoe2oFyIMzM9yDUTvR9uBmxhkApGtOyc6\'','5','\'\'','\'item-6500cdbb3572b.jpg\'','\'5\'','\'0\'','NULL','NULL','NULL','1','\'5\'','NULL','NULL','NULL','1','\'2023-09-13 01:04:26\'','\'2023-09-13 01:04:26\''),('8','4','1','\'LVNHf9Z2zf9k6ab6CSaYbbSTviuZ547j8upFk3Cg\'','4','\'\'','\'item-6500cd9e7b58b.jpg\'','\'5\'','\'0\'','NULL','NULL','NULL','3','\'5\'','NULL','NULL','NULL','1','\'2023-09-13 01:23:40\'','\'2023-09-13 01:23:40\''),('9','4','1','\'LVNHf9Z2zf9k6ab6CSaYbbSTviuZ547j8upFk3Cg\'','5','\'\'','\'item-6500cdbb3572b.jpg\'','\'5\'','\'0\'','NULL','NULL','NULL','1','\'5\'','NULL','NULL','NULL','1','\'2023-09-13 01:51:06\'','\'2023-09-13 01:51:06\''),('10','4','1','\'hLKXYORuoe2oFyIMzM9yDUTvR9uBmxhkApGtOyc6\'','5','\'\'','\'item-6500cdbb3572b.jpg\'','\'5\'','\'0\'','NULL','NULL','NULL','4','\'5\'','NULL','NULL','NULL','1','\'2023-09-13 01:52:04\'','\'2023-09-13 01:52:04\''),('11','4','1','\'pn4BN331dyN0X6iPACkYAzHyE3ONWOflANcjwEGG\'','11','\'\'','\'item-6500d0f903487.jpg\'','\'5\'','\'0\'','NULL','NULL','NULL','1','\'5\'','NULL','NULL','NULL','1','\'2023-09-13 18:26:52\'','\'2023-09-13 18:26:52\''),('23','4','1','\'Ih5o4pHOtYvnmmeRWCwsv5Rp74BX9DxgKUv7LbpN\'','5','\'\'','\'item-6500cdbb3572b.jpg\'','\'5\'','\'0\'','NULL','NULL','NULL','4','\'5\'','NULL','NULL','NULL','1','\'2023-09-15 22:43:45\'','\'2023-09-15 22:43:45\''),('117','18','1','\'7eKp49EOcnmXFrLqNSxRBRknI0dEnfbZpM0XRJH3\'','25','\'tomato\'','\'item-657a2a54917e2.PNG\'','\'10\'','\'0\'','NULL','NULL','NULL','1','\'10\'','NULL','NULL','NULL','1','\'2023-12-14 05:07:06\'','\'2023-12-14 05:07:21\''),('128','3','NULL','\'XGqqE447NoQQIIJtVbEV7mIXoa93ObOY38BKgjLC\'','38','\'kunafa\'','\'item-65824f6eca466.jpg\'','\'8\'','\'0\'','NULL','NULL','NULL','1','\'8\'','NULL','NULL','NULL','1','\'2023-12-20 09:45:07\'','\'2023-12-20 09:45:07\''),('130','3','NULL','\'XGqqE447NoQQIIJtVbEV7mIXoa93ObOY38BKgjLC\'','41','\'coockies\'','\'item-658250913d18a.jpg\'','\'8\'','\'0\'','NULL','NULL','NULL','1','\'8\'','NULL','NULL','NULL','1','\'2023-12-20 09:52:16\'','\'2023-12-20 09:52:16\''),('152','5','NULL','\'WTjiXbmkejSfDpDs74pgosgys9HekHDPUmMo63WT\'','53','\'we\'','\'item-65861ddd5bdc2.png\'','\'454\'','\'1212\'','\'39\'','\'4\'','\'12121\'','1','\'16666\'','\'10\'','\'4\'','\'4545\'','1','\'2024-01-17 01:55:04\'','\'2024-01-17 01:55:04\''),('153','5','NULL','\'9a10dnyUS8FCV23hlvl5epfmNfjtKRHSyz4scENx\'','53','\'we\'','\'item-65861ddd5bdc2.png\'','\'454\'','\'1212\'','NULL','NULL','NULL','1','\'454\'','NULL','NULL','NULL','1','\'2024-01-17 21:50:14\'','\'2024-01-17 21:50:14\''),('154','5','23','\'\'','53','\'we\'','\'item-65861ddd5bdc2.png\'','\'454\'','\'1212\'','NULL','NULL','NULL','1','\'454\'','NULL','NULL','NULL','1','\'2024-01-18 16:44:38\'','\'2024-01-18 16:44:38\''),('155','5','NULL','\'XdH5HFoNArvoI6x7gH6ljxbbzEjMtbv5dAlrkw2F\'','53','\'we\'','\'item-65861ddd5bdc2.png\'','\'454\'','\'1212\'','NULL','NULL','NULL','1','\'454\'','NULL','NULL','NULL','1','\'2024-01-18 22:30:08\'','\'2024-01-18 22:30:08\''),('158','5','NULL','\'ndc19dxMtQjjfghTn3XW2LDlzdBH1aBp6V6e47ox\'','53','\'we\'','\'item-65861ddd5bdc2.png\'','\'454\'','\'1212\'','NULL','NULL','NULL','1','\'454\'','NULL','NULL','NULL','1','\'2024-01-19 20:40:08\'','\'2024-01-19 20:40:08\''),('162','5','NULL','\'Y8mmiYd4OGannORvufD4rmedZkVJUgxjm4hzJqfO\'','53','\'we\'','\'item-65861ddd5bdc2.png\'','\'454\'','\'1212\'','NULL','NULL','NULL','1','\'454\'','NULL','NULL','NULL','1','\'2024-01-21 00:10:22\'','\'2024-01-21 00:10:22\''),('163','5','NULL','\'Y8mmiYd4OGannORvufD4rmedZkVJUgxjm4hzJqfO\'','53','\'we\'','\'item-65861ddd5bdc2.png\'','\'454\'','\'1212\'','NULL','NULL','NULL','1','\'454\'','NULL','NULL','NULL','1','\'2024-01-21 00:37:38\'','\'2024-01-21 00:37:38\''),('164','5','NULL','\'vMa6sg1AgZRuBhjBoV5FFpiJuZeca5YixHnfF9Hc\'','53','\'we\'','\'item-65861ddd5bdc2.png\'','\'454\'','\'1212\'','NULL','NULL','NULL','1','\'454\'','NULL','NULL','NULL','1','\'2024-01-26 23:53:01\'','\'2024-01-26 23:53:01\''),('165','5','NULL','\'vMa6sg1AgZRuBhjBoV5FFpiJuZeca5YixHnfF9Hc\'','53','\'we\'','\'item-65861ddd5bdc2.png\'','\'454\'','\'1212\'','\'39\'','\'4\'','\'12121\'','1','\'16666\'','\'10\'','\'4\'','\'4545\'','1','\'2024-01-26 23:58:21\'','\'2024-01-26 23:58:21\''),('166','5','NULL','\'YBHxWBiIRm3mS3Kvenrppt9hN7MxPSAPIcttDZSY\'','53','\'we\'','\'item-65861ddd5bdc2.png\'','\'454\'','\'1212\'','NULL','NULL','NULL','1','\'454\'','NULL','NULL','NULL','1','\'2024-01-27 00:23:01\'','\'2024-01-27 00:23:01\''),('167','5','NULL','\'8XKSfk8oFUObOJ8Uif0wNAsewe038KHNYV8iFbLo\'','53','\'we\'','\'item-65861ddd5bdc2.png\'','\'454\'','\'1212\'','NULL','NULL','NULL','1','\'454\'','NULL','NULL','NULL','1','\'2024-01-27 00:25:02\'','\'2024-01-27 00:25:02\''),('168','5','NULL','\'MqeowTAdiAVIdUmTj1ecxQ92BKLfScgZ2AzbmZpy\'','53','\'we\'','\'item-65861ddd5bdc2.png\'','\'454\'','\'1212\'','NULL','NULL','NULL','1','\'454\'','NULL','NULL','NULL','1','\'2024-01-27 00:34:11\'','\'2024-01-27 00:34:11\''),('169','5','NULL','\'4Ujqn9YQ8yqv18VxrolAIK8y7NCkxi5vMWdyLrsq\'','53','\'we\'','\'item-65861ddd5bdc2.png\'','\'454\'','\'1212\'','NULL','NULL','NULL','1','\'454\'','NULL','NULL','NULL','1','\'2024-01-27 23:07:43\'','\'2024-01-27 23:07:43\''),('170','5','NULL','\'1NSsrdwyNsYcgACLEl7m2RZPoKxyDmQx5dYNaZGz\'','53','\'we\'','\'item-65861ddd5bdc2.png\'','\'454\'','\'1212\'','NULL','NULL','NULL','1','\'454\'','NULL','NULL','NULL','1','\'2024-01-27 23:11:44\'','\'2024-01-27 23:26:34\''),('171','5','NULL','\'MadrpZQ2WhH4G38eIrXVLyy1dnIoOdnIjQujiFoz\'','53','\'we\'','\'item-65861ddd5bdc2.png\'','\'10\'','\'1212\'','NULL','NULL','NULL','1','\'10\'','NULL','NULL','NULL','1','\'2024-01-27 23:27:21\'','\'2024-01-27 23:27:21\''),('172','5','NULL','\'C3ja5tPhs30LPMmvr5I5lMCBkvH2laxo61w1Q5aI\'','53','\'we\'','\'item-65861ddd5bdc2.png\'','\'10\'','\'1212\'','NULL','NULL','NULL','1','\'10\'','NULL','NULL','NULL','1','\'2024-01-30 22:56:39\'','\'2024-01-30 22:56:39\''),('173','5','NULL','\'r0Qyt3zvKPLJnyoOtlqxki8pKAncfZ0aiuxxg63n\'','53','\'we\'','\'item-65861ddd5bdc2.png\'','\'10\'','\'1212\'','NULL','NULL','NULL','1','\'10\'','NULL','NULL','NULL','1','\'2024-01-30 23:15:01\'','\'2024-01-30 23:15:01\''),('174','5','NULL','\'w9oo5Pz2OepfFYHEQoRzDBm909Vees30Fym8Ns8W\'','53','\'we\'','\'item-65861ddd5bdc2.png\'','\'10\'','\'1212\'','NULL','NULL','NULL','1','\'10\'','NULL','NULL','NULL','1','\'2024-01-30 23:52:13\'','\'2024-01-30 23:52:13\''),('179','5','NULL','\'yJ69dCyRwlhDEajQT0iFfkmFyMLP0AtnWsKVpOkg\'','53','\'we\'','\'item-65861ddd5bdc2.png\'','\'10\'','\'1212\'','NULL','NULL','NULL','1','\'10\'','NULL','NULL','NULL','1','\'2024-01-31 00:34:29\'','\'2024-01-31 00:34:29\''),('180','5','NULL','\'SB9UDqngG5qpGsp5kR2QAUIjptWZmdT3re2racdl\'','53','\'sss\'','\'item-65861ddd5bdc2.png\'','\'10\'','\'1212\'','NULL','NULL','NULL','1','\'10\'','NULL','NULL','NULL','1','\'2024-01-31 00:48:30\'','\'2024-01-31 00:48:30\''),('181','5','NULL','\'pWxxlxVAWdqPmjZuHNmJ5wqpYIhuf7qqp4viIpce\'','53','\'we\'','\'item-65861ddd5bdc2.png\'','\'10\'','\'1212\'','NULL','NULL','NULL','6','\'10\'','NULL','NULL','NULL','1','\'2024-02-02 01:55:23\'','\'2024-02-02 01:55:41\''),('182','5','NULL','\'pWxxlxVAWdqPmjZuHNmJ5wqpYIhuf7qqp4viIpce\'','53','\'we\'','\'item-65861ddd5bdc2.png\'','\'10\'','\'1212\'','NULL','NULL','NULL','2','\'10\'','NULL','NULL','NULL','1','\'2024-02-02 01:55:25\'','\'2024-02-02 01:55:31\''),('190','5','NULL','\'Uj6c61iomvrwwPMMxq1wB5bNLFFpZizceg1AIxkR\'','53','\'we\'','\'item-65861ddd5bdc2.png\'','\'10\'','\'1212\'','NULL','NULL','NULL','1','\'10\'','NULL','NULL','NULL','1','\'2024-02-10 23:51:36\'','\'2024-02-10 23:51:36\''),('191','5','NULL','\'MGp70BP712t8fUEe7RtBl1XuWEyjdLZQbKwbACnR\'','53','\'sss\'','\'item-65861ddd5bdc2.png\'','\'10\'','\'1212\'','NULL','NULL','NULL','1','\'10\'','NULL','NULL','NULL','1','\'2024-02-11 00:06:45\'','\'2024-02-11 00:06:45\'');

INSERT INTO categories(id,vendor_id,reorder_id,name,slug,image,is_available,is_deleted,created_at,updated_at) VALUES('1','3','0','\'{\\\"en\\\":null}\'','\'-xvRk2\'','X\'63617465676f72792d363466623937336364656235632e6a7067\'','0','2','\'2023-09-09 01:50:52\'','\'2024-04-04 00:50:21\''),('2','5','0','\'burger\'','\'burger-5r1IC\'','X\'63617465676f72792d363537393361366263666637632e6a7067\'','1','1','\'2023-09-12 23:40:02\'','\'2024-04-12 16:19:48\''),('3','4','0','\'\'','\'khdar-xc8yO\'','X\'63617465676f72792d363530306361333035643565662e706e67\'','1','2','\'2023-09-13 00:29:36\'','\'2023-09-13 00:29:36\''),('4','4','0','\'\'','\'fakh-CmicO\'','X\'63617465676f72792d363530306361336436393033662e706e67\'','1','2','\'2023-09-13 00:29:49\'','\'2023-09-13 00:29:49\''),('5','5','0','\'chicken\'','\'chicken-2c4CA\'','X\'63617465676f72792d363537393361376132646164642e6a7067\'','1','1','\'2023-10-06 17:33:31\'','\'2024-04-12 16:19:51\''),('6','5','0','\'test 3\'','\'test-3-ljiqF\'','X\'63617465676f72792d363532303063633936323430362e706e67\'','1','1','\'2023-10-06 17:34:01\'','\'2023-12-13 11:57:06\''),('7','5','0','\'test 4\'','\'test-4-ZBmUr\'','X\'63617465676f72792d363532303063646237333237302e706e67\'','1','1','\'2023-10-06 17:34:19\'','\'2023-12-13 11:57:10\''),('8','5','0','\'test 5\'','\'test-5-RPDa1\'','X\'63617465676f72792d363537333735653365363461632e706e67\'','1','1','\'2023-12-09 03:00:35\'','\'2023-12-13 11:59:52\''),('9','5','0','\'test 6\'','\'test-6-GI8Uu\'','X\'63617465676f72792d363537333736316236376261342e6a7067\'','1','1','\'2023-12-09 03:01:31\'','\'2023-12-13 12:00:04\''),('10','5','0','\'beef\'','\'beef-iXjsH\'','X\'63617465676f72792d363537393361383962393861622e6a7067\'','1','1','\'2023-12-09 03:02:37\'','\'2024-04-12 16:19:53\''),('11','5','0','\'pizza\'','\'pizza-B9DHf\'','X\'63617465676f72792d363537613165316561316431362e6a7067\'','1','1','\'2023-12-14 04:11:58\'','\'2024-04-12 16:19:59\''),('12','5','0','\'{\\\"ar\\\":\\\"categories ar 1\\\",\\\"en\\\":\\\"categories en 1\\\"}\'','\'categories-en-1-ddFKP\'','X\'63617465676f72792d363631393335326138623636362e6a706567\'','1','2','\'2023-12-14 04:14:18\'','\'2024-04-12 16:20:42\''),('13','5','0','\'shawarma\'','\'shawarma-a6e2H\'','X\'63617465676f72792d363537613165633333643163322e6a706567\'','1','1','\'2023-12-14 04:14:43\'','\'2024-04-12 16:19:56\''),('14','5','0','\'Drinks\'','\'drinks-WD5UN\'','X\'63617465676f72792d363537613165663730623163382e6a706567\'','1','1','\'2023-12-14 04:15:35\'','\'2024-04-12 16:20:02\''),('15','18','0','\'\'','\'khdroat-psciX\'','X\'63617465676f72792d363537613238653336333866382e4a5047\'','1','2','\'2023-12-14 04:57:55\'','\'2023-12-14 04:57:55\''),('16','19','0','\'Eastern sweets\'','\'eastern-sweets-4paC0\'','X\'63617465676f72792d363538316262363736643537302e6a706567\'','1','2','\'2023-12-19 22:48:55\'','\'2023-12-19 22:48:55\''),('17','19','0','\'Western sweets\'','\'western-sweets-ZlLXF\'','X\'63617465676f72792d363538316263313335633435642e6a7067\'','1','2','\'2023-12-19 22:51:47\'','\'2023-12-19 22:51:47\''),('18','19','0','\'birthdays\'','\'birthdays-6fd91\'','X\'63617465676f72792d363538316263363531353163302e6a706567\'','1','2','\'2023-12-19 22:53:09\'','\'2023-12-19 22:53:09\''),('19','19','0','\'coockies\'','\'coockies-jcFXN\'','X\'63617465676f72792d363538316263376230313637632e6a706567\'','1','2','\'2023-12-19 22:53:31\'','\'2023-12-19 22:53:31\''),('20','19','0','\'cupcake\'','\'cupcake-LnWBd\'','X\'63617465676f72792d363538316263613933613765632e6a7067\'','1','2','\'2023-12-19 22:54:17\'','\'2023-12-19 22:54:17\''),('21','19','0','\'cheesecake\'','\'cheesecake-hlFbk\'','X\'63617465676f72792d363538316263626435306138302e6a706567\'','1','2','\'2023-12-19 22:54:37\'','\'2023-12-19 22:54:37\''),('22','18','0','\'\'','\'fakh-rUGoS\'','X\'63617465676f72792d363538323139393838633637352e6a7067\'','1','2','\'2023-12-20 05:30:48\'','\'2023-12-20 05:30:48\''),('23','18','0','\'\'','\'gahz-LhhgN\'','X\'63617465676f72792d363538323139623133386666392e6a7067\'','1','2','\'2023-12-20 05:31:13\'','\'2023-12-20 05:31:13\''),('24','18','0','\'\'','\'aarod-t42bl\'','X\'63617465676f72792d363538323139643131613461632e6a706567\'','1','2','\'2023-12-20 05:31:45\'','\'2023-12-20 05:31:45\''),('25','3','0','\'Western sweets\'','\'western-sweets-TFScj\'','X\'63617465676f72792d363538323462313661633561322e6a706567\'','1','2','\'2023-12-20 09:01:58\'','\'2023-12-20 09:01:58\''),('26','3','0','\'Birthday\'','\'birthday-f5lTn\'','X\'63617465676f72792d363538323462333831363761392e6a706567\'','1','2','\'2023-12-20 09:02:32\'','\'2023-12-20 09:02:32\''),('27','3','0','\'Coockies\'','\'coockies-uFk9L\'','X\'63617465676f72792d363538323462356565313336332e6a706567\'','1','2','\'2023-12-20 09:03:10\'','\'2023-12-20 09:03:10\''),('28','3','0','\'cupcake\'','\'cupcake-WMEDD\'','X\'63617465676f72792d363538323462373663633134622e6a706567\'','1','2','\'2023-12-20 09:03:34\'','\'2023-12-20 09:29:08\''),('29','3','0','\'cheese cake\'','\'cheese-cake-RuBf1\'','X\'63617465676f72792d363538323462383965666633352e6a706567\'','1','2','\'2023-12-20 09:03:53\'','\'2023-12-20 09:29:18\''),('30','3','0','\'jelly\'','\'jelly-xni2y\'','X\'63617465676f72792d363538323531386362393763332e6a706567\'','1','2','\'2023-12-20 09:29:32\'','\'2023-12-20 09:29:32\''),('31','20','0','\'aaa\'','\'aaa-pfphq\'','X\'63617465676f72792d363538333436326337663064612e6a706567\'','1','2','\'2023-12-21 00:53:16\'','\'2023-12-21 00:53:16\''),('32','5','0','\'{\\\"ar\\\":\\\"categories ar 2\\\",\\\"en\\\":\\\"categories En 2\\\"}\'','\'categories-en-2-gFh9W\'','X\'63617465676f72792d363631393335313435623866332e6a7067\'','1','2','\'2023-12-21 09:21:51\'','\'2024-04-12 16:33:17\''),('33','1','0','\'{\\\"ar\\\":\\\"cat1 arabic\\\",\\\"en\\\":\\\"englis\\\"}\'','\'englis-TvMU4\'','X\'63617465676f72792d363630646364396438326132622e6a706567\'','1','2','\'2024-04-04 00:43:57\'','\'2024-04-04 00:43:57\''),('34','1','0','\'{\\\"ar\\\":\\\"cat1 arabic\\\",\\\"en\\\":\\\"englis\\\"}\'','\'englis-CxF2N\'','X\'63617465676f72792d363630646364623734353433662e6a706567\'','1','2','\'2024-04-04 00:44:23\'','\'2024-04-04 00:44:23\'');

INSERT INTO city(id,name,is_deleted,is_available,created_at,updated_at) VALUES('1','\'kuwait city\'','2','1','\'2023-09-08 20:43:58\'','\'2023-09-08 21:26:07\''),('2','\'Hawalli\'','2','1','\'2023-09-08 21:26:24\'','\'2023-09-08 21:26:24\''),('3','\'Al-Jahraa\'','2','1','\'2023-09-08 21:26:41\'','\'2023-09-08 21:26:41\''),('4','\'Mubarak Al-Kabier\'','2','1','\'2023-09-08 21:27:20\'','\'2023-09-08 21:27:20\''),('5','\'Farwaniya\'','2','1','\'2023-09-08 21:27:37\'','\'2023-09-08 21:27:37\''),('6','\'Al-Ahmadi\'','2','1','\'2023-09-08 21:27:53\'','\'2023-09-08 21:27:53\'');




INSERT INTO custom_domain(id,vendor_id,requested_domain,current_domain,status,created_at,updated_at) VALUES('1','5','X\'2d\'','X\'66756c6c73746f72652e74657374\'','2','\'2023-11-02 11:43:54\'','\'2024-01-30 23:10:03\''),('2','19','X\'2d\'','X\'326e6f2e62697264732e7265\'','2','\'2023-12-20 02:52:47\'','\'2023-12-20 02:58:38\'');

INSERT INTO deliveryareas(id,vendor_id,name,price,created_at,updated_at,delivery_time,coordinates) VALUES('9','5','\'dawdawd\'','10','\'2023-12-31 23:37:38\'','\'2024-01-21 00:42:40\'','\'10\'','X\'5b7b226c6174223a32362e30343630343831383339393737392c226c6e67223a35362e3033353832303835393935333135357d2c7b226c6174223a32352e313635383536303334333031322c226c6e67223a35342e37343432343036353937353738347d2c7b226c6174223a32352e3031363631323236323134333030332c226c6e67223a35362e3037393736363137323435333135357d5d\''),('11','5','\'Cheyenne Hebert\'','34','\'2024-01-18 01:28:17\'','\'2024-01-18 22:36:55\'','\'10\'','X\'5b7b226c6174223a32342e3232393339393538333230373031322c226c6e67223a35352e3536363230373737333033303039347d2c7b226c6174223a32332e3936363134323036313433353035382c226c6e67223a35362e3239363739383539333334323539347d2c7b226c6174223a32342e3134393232363036363435303636322c226c6e67223a35362e3235303130363639383831313334347d5d\'');

INSERT INTO extras(id,item_id,name,price,created_at,updated_at) VALUES('7','46','\'10\'','10','\'2023-12-21 01:54:38\'','\'2023-12-21 01:27:35\''),('38','53','\'{\\\"ar\\\":\\\"Extras  Ar 1\\\",\\\"en\\\":\\\"Extras  En 1\\\"}\'','10','\'2023-12-23 05:38:05\'','\'2024-04-12 16:34:51\''),('39','53','\'{\\\"ar\\\":\\\"Extras  Ar 2\\\",\\\"en\\\":\\\"Extras  En 2\\\"}\'','20','\'2023-12-23 05:38:05\'','\'2024-04-12 16:34:51\''),('40','53','\'{\\\"ar\\\":\\\"Extras  Ar 3\\\",\\\"en\\\":\\\"Extras  En 3\\\"}\'','30','\'2023-12-23 05:38:05\'','\'2024-04-12 16:34:51\'');



INSERT INTO favorite(id,user_id,item_id,vendor_id,created_at,updated_at) VALUES('6','17','3','5','\'2023-12-15 04:49:48\'','\'2023-12-15 04:49:48\''),('7','17','2','5','\'2023-12-15 04:49:50\'','\'2023-12-15 04:49:50\''),('8','17','23','5','\'2023-12-15 04:49:59\'','\'2023-12-15 04:49:59\'');

INSERT INTO features(id,vendor_id,title,description,image,created_at,updated_at) VALUES('1','1','\'hello 1\'','X\'68656c6c6f2068656c6c6f\'','\'feature-64fb95f76e738.jpeg\'','\'2023-09-09 01:45:27\'','\'2023-09-09 01:45:27\'');


INSERT INTO item_images(id,item_id,image,created_at,updated_at) VALUES('4','4','\'item-6500cd9e7b58b.jpg\'','\'2023-09-13 04:44:14\'','\'2023-09-13 04:44:14\''),('5','5','\'item-6500cdbb3572b.jpg\'','\'2023-09-13 04:44:43\'','\'2023-09-13 04:44:43\''),('6','6','\'item-6500cdda84cdb.jpg\'','\'2023-09-13 04:45:14\'','\'2023-09-13 04:45:14\''),('7','7','\'item-6500cdf7b7ee4.jpg\'','\'2023-09-13 04:45:43\'','\'2023-09-13 04:45:43\''),('8','8','\'item-6500ce1494802.jpg\'','\'2023-09-13 04:46:12\'','\'2023-09-13 04:46:12\''),('9','9','\'item-6500ce389d3c5.jpg\'','\'2023-09-13 04:46:48\'','\'2023-09-13 04:46:48\''),('10','10','\'item-6500d0dc57229.jpg\'','\'2023-09-13 04:58:04\'','\'2023-09-13 04:58:04\''),('11','11','\'item-6500d0f903487.jpg\'','\'2023-09-13 04:58:33\'','\'2023-09-13 04:58:33\''),('12','12','\'item-6500d11252808.jpg\'','\'2023-09-13 04:58:58\'','\'2023-09-13 04:58:58\''),('13','13','\'item-6500d1325583d.jpg\'','\'2023-09-13 04:59:30\'','\'2023-09-13 04:59:30\''),('14','14','\'item-6500d153e3bef.jpg\'','\'2023-09-13 05:00:03\'','\'2023-09-13 05:00:03\''),('15','15','\'item-6500d16a39d3b.jpg\'','\'2023-09-13 05:00:26\'','\'2023-09-13 05:00:26\''),('28','25','\'item-657a2a54917e2.PNG\'','\'2023-12-14 06:04:04\'','\'2023-12-14 06:04:04\''),('29','26','\'item-6581bdf53a9bb.jpg\'','\'2023-12-19 23:59:49\'','\'2023-12-19 23:59:49\''),('30','27','\'item-6581be6b1c10c.jpg\'','\'2023-12-20 00:01:47\'','\'2023-12-20 00:01:47\''),('31','28','\'item-6581bebea67f1.jpg\'','\'2023-12-20 00:03:10\'','\'2023-12-20 00:03:10\''),('32','29','\'item-6581bf2ccb4b9.jpg\'','\'2023-12-20 00:05:00\'','\'2023-12-20 00:05:00\''),('33','30','\'item-65824c0437a96.jpg\'','\'2023-12-20 11:35:56\'','\'2023-12-20 11:35:56\''),('34','31','\'item-65824c5472881.jpg\'','\'2023-12-20 11:37:16\'','\'2023-12-20 11:37:16\''),('35','32','\'item-65824cbd999f8.jpg\'','\'2023-12-20 11:39:01\'','\'2023-12-20 11:39:01\''),('36','33','\'item-65824de2962e0.jpg\'','\'2023-12-20 11:43:54\'','\'2023-12-20 11:43:54\''),('37','34','\'item-65824e4e1022b.jpg\'','\'2023-12-20 11:45:42\'','\'2023-12-20 11:45:42\''),('38','35','\'item-65824e979f4a2.jpg\'','\'2023-12-20 11:46:55\'','\'2023-12-20 11:46:55\''),('39','36','\'item-65824ece2e0af.jpg\'','\'2023-12-20 11:47:50\'','\'2023-12-20 11:47:50\''),('40','37','\'item-65824f059a16f.jpg\'','\'2023-12-20 11:48:45\'','\'2023-12-20 11:48:45\''),('41','38','\'item-65824f6eca466.jpg\'','\'2023-12-20 11:50:30\'','\'2023-12-20 11:50:30\''),('42','39','\'item-65824faa4fe19.jpg\'','\'2023-12-20 11:51:30\'','\'2023-12-20 11:51:30\''),('43','40','\'item-6582500b32994.jpg\'','\'2023-12-20 11:53:07\'','\'2023-12-20 11:53:07\''),('44','41','\'item-658250913d18a.jpg\'','\'2023-12-20 11:55:21\'','\'2023-12-20 11:55:21\''),('45','42','\'item-658250c9a07b8.jpg\'','\'2023-12-20 11:56:17\'','\'2023-12-20 11:56:17\''),('46','43','\'item-6582515471c8d.jpg\'','\'2023-12-20 11:58:36\'','\'2023-12-20 11:58:36\''),('47','44','\'item-658251cd7dab4.jpg\'','\'2023-12-20 12:00:37\'','\'2023-12-20 12:00:37\''),('48','45','\'item-658252091dcc3.jpg\'','\'2023-12-20 12:01:37\'','\'2023-12-20 12:01:37\''),('49','46','\'item-6583467e8b722.jpeg\'','\'2023-12-21 01:54:38\'','\'2023-12-21 01:54:38\''),('52','53','\'item-65861ddd5bdc2.png\'','\'2023-12-23 05:38:05\'','\'2023-12-23 05:38:05\'');

INSERT INTO items(id,vendor_id,reorder_id,cat_id,item_name,description,item_price,item_original_price,image,tax,slug,is_available,has_variants,created_at,updated_at,start_time,end_time) VALUES('4','4','0','3','X\'7b226172223a22d8a8d8b1d8acd8b1222c22656e223a22626f78227d\'','X\'7b226172223a225c75303633375c75303633395c75303634355c7530363463205c75303634355c75303634355c75303634615c75303635315c7530363332205c75303632645c75303634615c7530363262205c75303632335c75303634365c7530363437205c75303634615c75303633395c7530363266205c75303634355c7530363436205c75303632375c75303634345c75303634385c75303632635c75303632385c75303632375c7530363261205c75303632375c75303634345c75303634345c75303633305c75303634615c75303633305c7530363239205c75303632375c75303634345c75303632615c7530363461205c75303632615c75303632615c75303634355c75303634615c75303635315c7530363332205c75303632385c75303633375c75303633395c7530363435205c75303633315c75303632375c75303632365c7530363339205c75303633615c75303634615c7530363331205c75303634355c75303633345c75303632375c75303632385c7530363437205c75303634345c75303632335c75303634615c7530363531205c75303633375c75303633395c7530363435205c75303632325c75303632655c7530363331205c75303634355c7530363436205c75303632375c75303634345c75303634385c75303632635c75303632385c75303632375c7530363261205c75303632375c75303634345c75303633335c75303635315c75303633315c75303634615c75303633395c75303632392e205c75323231615c75303634615c75303632645c75303632375c75303634315c7530363338205c75303633395c75303634345c7530363439205c75303634335c75303632615c75303634345c7530363239205c75303632375c75303634345c75303633395c75303633365c75303634345c75303632375c7530363261205c75303634385c75303634615c75303633395c75303634355c7530363434205c75303633395c75303634345c7530363439205c75303632615c75303632645c75303633335c75303634615c75303634365c75303634375c7530363237222c22656e223a2269732073696d706c792064756d6d792074657874206f6620746865207072696e74696e6720616e64207479706573657474696e6720696e6475737472792e204c6f72656d20497073756d20686173206265656e2074686520696e6475737472792773207374616e646172642064756d6d79227d\'','5','5','NULL','0','X\'746d61746d2d3943597269\'','1','2','\'2023-09-13 04:44:14\'','\'2023-09-13 04:44:14\'','\'00:00:01\'','\'23:59:00\''),('5','4','0','3','X\'7b226172223a22d8a8d8b1d8acd8b1222c22656e223a22626f78227d\'','X\'7b226172223a225c75303633375c75303633395c75303634355c7530363463205c75303634355c75303634355c75303634615c75303635315c7530363332205c75303632645c75303634615c7530363262205c75303632335c75303634365c7530363437205c75303634615c75303633395c7530363266205c75303634355c7530363436205c75303632375c75303634345c75303634385c75303632635c75303632385c75303632375c7530363261205c75303632375c75303634345c75303634345c75303633305c75303634615c75303633305c7530363239205c75303632375c75303634345c75303632615c7530363461205c75303632615c75303632615c75303634355c75303634615c75303635315c7530363332205c75303632385c75303633375c75303633395c7530363435205c75303633315c75303632375c75303632365c7530363339205c75303633615c75303634615c7530363331205c75303634355c75303633345c75303632375c75303632385c7530363437205c75303634345c75303632335c75303634615c7530363531205c75303633375c75303633395c7530363435205c75303632325c75303632655c7530363331205c75303634355c7530363436205c75303632375c75303634345c75303634385c75303632635c75303632385c75303632375c7530363261205c75303632375c75303634345c75303633335c75303635315c75303633315c75303634615c75303633395c75303632392e205c75323231615c75303634615c75303632645c75303632375c75303634315c7530363338205c75303633395c75303634345c7530363439205c75303634335c75303632615c75303634345c7530363239205c75303632375c75303634345c75303633395c75303633365c75303634345c75303632375c7530363261205c75303634385c75303634615c75303633395c75303634355c7530363434205c75303633395c75303634345c7530363439205c75303632615c75303632645c75303633335c75303634615c75303634365c75303634375c7530363237222c22656e223a2269732073696d706c792064756d6d792074657874206f6620746865207072696e74696e6720616e64207479706573657474696e6720696e6475737472792e204c6f72656d20497073756d20686173206265656e2074686520696e6475737472792773207374616e646172642064756d6d79227d\'','5','5','NULL','0','X\'62746174732d366c616934\'','1','2','\'2023-09-13 04:44:43\'','\'2023-09-13 04:44:43\'','\'00:00:01\'','\'23:59:00\''),('6','4','0','3','X\'7b226172223a22d8a8d8b1d8acd8b1222c22656e223a22626f78227d\'','X\'7b226172223a225c75303633375c75303633395c75303634355c7530363463205c75303634355c75303634355c75303634615c75303635315c7530363332205c75303632645c75303634615c7530363262205c75303632335c75303634365c7530363437205c75303634615c75303633395c7530363266205c75303634355c7530363436205c75303632375c75303634345c75303634385c75303632635c75303632385c75303632375c7530363261205c75303632375c75303634345c75303634345c75303633305c75303634615c75303633305c7530363239205c75303632375c75303634345c75303632615c7530363461205c75303632615c75303632615c75303634355c75303634615c75303635315c7530363332205c75303632385c75303633375c75303633395c7530363435205c75303633315c75303632375c75303632365c7530363339205c75303633615c75303634615c7530363331205c75303634355c75303633345c75303632375c75303632385c7530363437205c75303634345c75303632335c75303634615c7530363531205c75303633375c75303633395c7530363435205c75303632325c75303632655c7530363331205c75303634355c7530363436205c75303632375c75303634345c75303634385c75303632635c75303632385c75303632375c7530363261205c75303632375c75303634345c75303633335c75303635315c75303633315c75303634615c75303633395c75303632392e205c75323231615c75303634615c75303632645c75303632375c75303634315c7530363338205c75303633395c75303634345c7530363439205c75303634335c75303632615c75303634345c7530363239205c75303632375c75303634345c75303633395c75303633365c75303634345c75303632375c7530363261205c75303634385c75303634615c75303633395c75303634355c7530363434205c75303633395c75303634345c7530363439205c75303632615c75303632645c75303633335c75303634615c75303634365c75303634375c7530363237222c22656e223a2269732073696d706c792064756d6d792074657874206f6620746865207072696e74696e6720616e64207479706573657474696e6720696e6475737472792e204c6f72656d20497073756d20686173206265656e2074686520696e6475737472792773207374616e646172642064756d6d79227d\'','5','5','NULL','0','X\'6c796d6f6e2d303369726d\'','1','2','\'2023-09-13 04:45:14\'','\'2023-09-13 04:45:14\'','\'00:00:01\'','\'23:59:00\''),('7','4','0','3','X\'7b226172223a22d8add8b6d8a7d8b120222c22656e223a22626f78227d\'','X\'7b226172223a225c75303633375c75303633395c75303634355c7530363463205c75303634355c75303634355c75303634615c75303635315c7530363332205c75303632645c75303634615c7530363262205c75303632335c75303634365c7530363437205c75303634615c75303633395c7530363266205c75303634355c7530363436205c75303632375c75303634345c75303634385c75303632635c75303632385c75303632375c7530363261205c75303632375c75303634345c75303634345c75303633305c75303634615c75303633305c7530363239205c75303632375c75303634345c75303632615c7530363461205c75303632615c75303632615c75303634355c75303634615c75303635315c7530363332205c75303632385c75303633375c75303633395c7530363435205c75303633315c75303632375c75303632365c7530363339205c75303633615c75303634615c7530363331205c75303634355c75303633345c75303632375c75303632385c7530363437205c75303634345c75303632335c75303634615c7530363531205c75303633375c75303633395c7530363435205c75303632325c75303632655c7530363331205c75303634355c7530363436205c75303632375c75303634345c75303634385c75303632635c75303632385c75303632375c7530363261205c75303632375c75303634345c75303633335c75303635315c75303633315c75303634615c75303633395c75303632392e205c75323231615c75303634615c75303632645c75303632375c75303634315c7530363338205c75303633395c75303634345c7530363439205c75303634335c75303632615c75303634345c7530363239205c75303632375c75303634345c75303633395c75303633365c75303634345c75303632375c7530363261205c75303634385c75303634615c75303633395c75303634355c7530363434205c75303633395c75303634345c7530363439205c75303632615c75303632645c75303633335c75303634615c75303634365c75303634375c7530363237222c22656e223a2269732073696d706c792064756d6d792074657874206f6620746865207072696e74696e6720616e64207479706573657474696e6720696e6475737472792e204c6f72656d20497073756d20686173206265656e2074686520696e6475737472792773207374616e646172642064756d6d79227d\'','5','5','NULL','0','X\'686461722d7147787564\'','1','2','\'2023-09-13 04:45:43\'','\'2023-09-13 04:45:43\'','\'00:00:01\'','\'23:59:00\''),('8','4','0','3','X\'207b226172223a22d981d984d981d98420d8a3d984d988d8a7d98620222c22656e223a22626f78227d\'','X\'7b226172223a225c75303633375c75303633395c75303634355c7530363463205c75303634355c75303634355c75303634615c75303635315c7530363332205c75303632645c75303634615c7530363262205c75303632335c75303634365c7530363437205c75303634615c75303633395c7530363266205c75303634355c7530363436205c75303632375c75303634345c75303634385c75303632635c75303632385c75303632375c7530363261205c75303632375c75303634345c75303634345c75303633305c75303634615c75303633305c7530363239205c75303632375c75303634345c75303632615c7530363461205c75303632615c75303632615c75303634355c75303634615c75303635315c7530363332205c75303632385c75303633375c75303633395c7530363435205c75303633315c75303632375c75303632365c7530363339205c75303633615c75303634615c7530363331205c75303634355c75303633345c75303632375c75303632385c7530363437205c75303634345c75303632335c75303634615c7530363531205c75303633375c75303633395c7530363435205c75303632325c75303632655c7530363331205c75303634355c7530363436205c75303632375c75303634345c75303634385c75303632635c75303632385c75303632375c7530363261205c75303632375c75303634345c75303633335c75303635315c75303633315c75303634615c75303633395c75303632392e205c75323231615c75303634615c75303632645c75303632375c75303634315c7530363338205c75303633395c75303634345c7530363439205c75303634335c75303632615c75303634345c7530363239205c75303632375c75303634345c75303633395c75303633365c75303634345c75303632375c7530363261205c75303634385c75303634615c75303633395c75303634355c7530363434205c75303633395c75303634345c7530363439205c75303632615c75303632645c75303633335c75303634615c75303634365c75303634375c7530363237222c22656e223a2269732073696d706c792064756d6d792074657874206f6620746865207072696e74696e6720616e64207479706573657474696e6720696e6475737472792e204c6f72656d20497073756d20686173206265656e2074686520696e6475737472792773207374616e646172642064756d6d79227d\'','5','5','NULL','0','X\'666c666c2d616c6f616e2d7861644242\'','1','2','\'2023-09-13 04:46:12\'','\'2023-09-13 04:46:12\'','\'00:00:01\'','\'23:59:00\''),('9','4','0','3','X\'7b226172223a22d8a8d8a7d8b0d986d8acd8a7d98620222c22656e223a22626f78227d\'','X\'7b226172223a225c75303633375c75303633395c75303634355c7530363463205c75303634355c75303634355c75303634615c75303635315c7530363332205c75303632645c75303634615c7530363262205c75303632335c75303634365c7530363437205c75303634615c75303633395c7530363266205c75303634355c7530363436205c75303632375c75303634345c75303634385c75303632635c75303632385c75303632375c7530363261205c75303632375c75303634345c75303634345c75303633305c75303634615c75303633305c7530363239205c75303632375c75303634345c75303632615c7530363461205c75303632615c75303632615c75303634355c75303634615c75303635315c7530363332205c75303632385c75303633375c75303633395c7530363435205c75303633315c75303632375c75303632365c7530363339205c75303633615c75303634615c7530363331205c75303634355c75303633345c75303632375c75303632385c7530363437205c75303634345c75303632335c75303634615c7530363531205c75303633375c75303633395c7530363435205c75303632325c75303632655c7530363331205c75303634355c7530363436205c75303632375c75303634345c75303634385c75303632635c75303632385c75303632375c7530363261205c75303632375c75303634345c75303633335c75303635315c75303633315c75303634615c75303633395c75303632392e205c75323231615c75303634615c75303632645c75303632375c75303634315c7530363338205c75303633395c75303634345c7530363439205c75303634335c75303632615c75303634345c7530363239205c75303632375c75303634345c75303633395c75303633365c75303634345c75303632375c7530363261205c75303634385c75303634615c75303633395c75303634355c7530363434205c75303633395c75303634345c7530363439205c75303632615c75303632645c75303633335c75303634615c75303634365c75303634375c7530363237222c22656e223a2269732073696d706c792064756d6d792074657874206f6620746865207072696e74696e6720616e64207479706573657474696e6720696e6475737472792e204c6f72656d20497073756d20686173206265656e2074686520696e6475737472792773207374616e646172642064756d6d79227d\'','5','5','NULL','0','X\'626174686e67616e2d7073614a77\'','1','2','\'2023-09-13 04:46:48\'','\'2023-09-13 04:46:48\'','\'00:00:01\'','\'23:59:00\''),('10','4','0','4','X\'7b226172223a22d8a8d8b7d98ad8ae2020222c22656e223a22626f78227d\'','X\'7b226172223a225c75303633375c75303633395c75303634355c7530363463205c75303634355c75303634355c75303634615c75303635315c7530363332205c75303632645c75303634615c7530363262205c75303632335c75303634365c7530363437205c75303634615c75303633395c7530363266205c75303634355c7530363436205c75303632375c75303634345c75303634385c75303632635c75303632385c75303632375c7530363261205c75303632375c75303634345c75303634345c75303633305c75303634615c75303633305c7530363239205c75303632375c75303634345c75303632615c7530363461205c75303632615c75303632615c75303634355c75303634615c75303635315c7530363332205c75303632385c75303633375c75303633395c7530363435205c75303633315c75303632375c75303632365c7530363339205c75303633615c75303634615c7530363331205c75303634355c75303633345c75303632375c75303632385c7530363437205c75303634345c75303632335c75303634615c7530363531205c75303633375c75303633395c7530363435205c75303632325c75303632655c7530363331205c75303634355c7530363436205c75303632375c75303634345c75303634385c75303632635c75303632385c75303632375c7530363261205c75303632375c75303634345c75303633335c75303635315c75303633315c75303634615c75303633395c75303632392e205c75323231615c75303634615c75303632645c75303632375c75303634315c7530363338205c75303633395c75303634345c7530363439205c75303634335c75303632615c75303634345c7530363239205c75303632375c75303634345c75303633395c75303633365c75303634345c75303632375c7530363261205c75303634385c75303634615c75303633395c75303634355c7530363434205c75303633395c75303634345c7530363439205c75303632615c75303632645c75303633335c75303634615c75303634365c75303634375c7530363237222c22656e223a2269732073696d706c792064756d6d792074657874206f6620746865207072696e74696e6720616e64207479706573657474696e6720696e6475737472792e204c6f72656d20497073756d20686173206265656e2074686520696e6475737472792773207374616e646172642064756d6d79227d\'','5','5','NULL','0','X\'6274796b682d7566475059\'','1','2','\'2023-09-13 04:58:04\'','\'2023-09-13 04:58:04\'','\'00:00:01\'','\'23:59:00\''),('11','4','0','4','X\'7b226172223a22d8aed988d8ae222c22656e223a22626f78227d\'','X\'7b226172223a225c75303633375c75303633395c75303634355c7530363463205c75303634355c75303634355c75303634615c75303635315c7530363332205c75303632645c75303634615c7530363262205c75303632335c75303634365c7530363437205c75303634615c75303633395c7530363266205c75303634355c7530363436205c75303632375c75303634345c75303634385c75303632635c75303632385c75303632375c7530363261205c75303632375c75303634345c75303634345c75303633305c75303634615c75303633305c7530363239205c75303632375c75303634345c75303632615c7530363461205c75303632615c75303632615c75303634355c75303634615c75303635315c7530363332205c75303632385c75303633375c75303633395c7530363435205c75303633315c75303632375c75303632365c7530363339205c75303633615c75303634615c7530363331205c75303634355c75303633345c75303632375c75303632385c7530363437205c75303634345c75303632335c75303634615c7530363531205c75303633375c75303633395c7530363435205c75303632325c75303632655c7530363331205c75303634355c7530363436205c75303632375c75303634345c75303634385c75303632635c75303632385c75303632375c7530363261205c75303632375c75303634345c75303633335c75303635315c75303633315c75303634615c75303633395c75303632392e205c75323231615c75303634615c75303632645c75303632375c75303634315c7530363338205c75303633395c75303634345c7530363439205c75303634335c75303632615c75303634345c7530363239205c75303632375c75303634345c75303633395c75303633365c75303634345c75303632375c7530363261205c75303634385c75303634615c75303633395c75303634355c7530363434205c75303633395c75303634345c7530363439205c75303632615c75303632645c75303633335c75303634615c75303634365c75303634375c7530363237222c22656e223a2269732073696d706c792064756d6d792074657874206f6620746865207072696e74696e6720616e64207479706573657474696e6720696e6475737472792e204c6f72656d20497073756d20686173206265656e2074686520696e6475737472792773207374616e646172642064756d6d79227d\'','5','5','NULL','0','X\'6b686f6b682d6258756775\'','1','2','\'2023-09-13 04:58:33\'','\'2023-09-13 04:58:33\'','\'00:00:01\'','\'23:59:00\''),('12','4','0','4','X\'7b226172223a22d983d98ad988d98a2020222c22656e223a22626f78227d\'','X\'7b226172223a225c75303633375c75303633395c75303634355c7530363463205c75303634355c75303634355c75303634615c75303635315c7530363332205c75303632645c75303634615c7530363262205c75303632335c75303634365c7530363437205c75303634615c75303633395c7530363266205c75303634355c7530363436205c75303632375c75303634345c75303634385c75303632635c75303632385c75303632375c7530363261205c75303632375c75303634345c75303634345c75303633305c75303634615c75303633305c7530363239205c75303632375c75303634345c75303632615c7530363461205c75303632615c75303632615c75303634355c75303634615c75303635315c7530363332205c75303632385c75303633375c75303633395c7530363435205c75303633315c75303632375c75303632365c7530363339205c75303633615c75303634615c7530363331205c75303634355c75303633345c75303632375c75303632385c7530363437205c75303634345c75303632335c75303634615c7530363531205c75303633375c75303633395c7530363435205c75303632325c75303632655c7530363331205c75303634355c7530363436205c75303632375c75303634345c75303634385c75303632635c75303632385c75303632375c7530363261205c75303632375c75303634345c75303633335c75303635315c75303633315c75303634615c75303633395c75303632392e205c75323231615c75303634615c75303632645c75303632375c75303634315c7530363338205c75303633395c75303634345c7530363439205c75303634335c75303632615c75303634345c7530363239205c75303632375c75303634345c75303633395c75303633365c75303634345c75303632375c7530363261205c75303634385c75303634615c75303633395c75303634355c7530363434205c75303633395c75303634345c7530363439205c75303632615c75303632645c75303633335c75303634615c75303634365c75303634375c7530363237222c22656e223a2269732073696d706c792064756d6d792074657874206f6620746865207072696e74696e6720616e64207479706573657474696e6720696e6475737472792e204c6f72656d20497073756d20686173206265656e2074686520696e6475737472792773207374616e646172642064756d6d79227d\'','5','5','NULL','0','X\'6b796f792d4d72616771\'','1','2','\'2023-09-13 04:58:58\'','\'2023-09-13 04:58:58\'','\'00:00:01\'','\'23:59:00\''),('13','4','0','4','X\'7b226172223a22d985d988d8b220222c22656e223a22626f78227d\'','X\'7b226172223a225c75303633375c75303633395c75303634355c7530363463205c75303634355c75303634355c75303634615c75303635315c7530363332205c75303632645c75303634615c7530363262205c75303632335c75303634365c7530363437205c75303634615c75303633395c7530363266205c75303634355c7530363436205c75303632375c75303634345c75303634385c75303632635c75303632385c75303632375c7530363261205c75303632375c75303634345c75303634345c75303633305c75303634615c75303633305c7530363239205c75303632375c75303634345c75303632615c7530363461205c75303632615c75303632615c75303634355c75303634615c75303635315c7530363332205c75303632385c75303633375c75303633395c7530363435205c75303633315c75303632375c75303632365c7530363339205c75303633615c75303634615c7530363331205c75303634355c75303633345c75303632375c75303632385c7530363437205c75303634345c75303632335c75303634615c7530363531205c75303633375c75303633395c7530363435205c75303632325c75303632655c7530363331205c75303634355c7530363436205c75303632375c75303634345c75303634385c75303632635c75303632385c75303632375c7530363261205c75303632375c75303634345c75303633335c75303635315c75303633315c75303634615c75303633395c75303632392e205c75323231615c75303634615c75303632645c75303632375c75303634315c7530363338205c75303633395c75303634345c7530363439205c75303634335c75303632615c75303634345c7530363239205c75303632375c75303634345c75303633395c75303633365c75303634345c75303632375c7530363261205c75303634385c75303634615c75303633395c75303634355c7530363434205c75303633395c75303634345c7530363439205c75303632615c75303632645c75303633335c75303634615c75303634365c75303634375c7530363237222c22656e223a2269732073696d706c792064756d6d792074657874206f6620746865207072696e74696e6720616e64207479706573657474696e6720696e6475737472792e204c6f72656d20497073756d20686173206265656e2074686520696e6475737472792773207374616e646172642064756d6d79227d\'','5','5','NULL','0','X\'6d6f7a2d5353793271\'','1','2','\'2023-09-13 04:59:30\'','\'2023-09-13 04:59:30\'','\'00:00:01\'','\'23:59:00\''),('14','4','0','4','X\'7b226172223a22d981d8b1d8a7d988d984d8a9222c22656e223a22626f78227d\'','X\'7b226172223a225c75303633375c75303633395c75303634355c7530363463205c75303634355c75303634355c75303634615c75303635315c7530363332205c75303632645c75303634615c7530363262205c75303632335c75303634365c7530363437205c75303634615c75303633395c7530363266205c75303634355c7530363436205c75303632375c75303634345c75303634385c75303632635c75303632385c75303632375c7530363261205c75303632375c75303634345c75303634345c75303633305c75303634615c75303633305c7530363239205c75303632375c75303634345c75303632615c7530363461205c75303632615c75303632615c75303634355c75303634615c75303635315c7530363332205c75303632385c75303633375c75303633395c7530363435205c75303633315c75303632375c75303632365c7530363339205c75303633615c75303634615c7530363331205c75303634355c75303633345c75303632375c75303632385c7530363437205c75303634345c75303632335c75303634615c7530363531205c75303633375c75303633395c7530363435205c75303632325c75303632655c7530363331205c75303634355c7530363436205c75303632375c75303634345c75303634385c75303632635c75303632385c75303632375c7530363261205c75303632375c75303634345c75303633335c75303635315c75303633315c75303634615c75303633395c75303632392e205c75323231615c75303634615c75303632645c75303632375c75303634315c7530363338205c75303633395c75303634345c7530363439205c75303634335c75303632615c75303634345c7530363239205c75303632375c75303634345c75303633395c75303633365c75303634345c75303632375c7530363261205c75303634385c75303634615c75303633395c75303634355c7530363434205c75303633395c75303634345c7530363439205c75303632615c75303632645c75303633335c75303634615c75303634365c75303634375c7530363237222c22656e223a2269732073696d706c792064756d6d792074657874206f6620746865207072696e74696e6720616e64207479706573657474696e6720696e6475737472792e204c6f72656d20497073756d20686173206265656e2074686520696e6475737472792773207374616e646172642064756d6d79227d\'','5','5','NULL','0','X\'6672616f6c2d5167547034\'','1','2','\'2023-09-13 05:00:03\'','\'2023-09-13 05:00:03\'','\'00:00:01\'','\'23:59:00\''),('15','4','0','4','X\'7b226172223a22d8b4d985d8a7d985222c22656e223a22626f78227d\'','X\'7b226172223a225c75303633375c75303633395c75303634355c7530363463205c75303634355c75303634355c75303634615c75303635315c7530363332205c75303632645c75303634615c7530363262205c75303632335c75303634365c7530363437205c75303634615c75303633395c7530363266205c75303634355c7530363436205c75303632375c75303634345c75303634385c75303632635c75303632385c75303632375c7530363261205c75303632375c75303634345c75303634345c75303633305c75303634615c75303633305c7530363239205c75303632375c75303634345c75303632615c7530363461205c75303632615c75303632615c75303634355c75303634615c75303635315c7530363332205c75303632385c75303633375c75303633395c7530363435205c75303633315c75303632375c75303632365c7530363339205c75303633615c75303634615c7530363331205c75303634355c75303633345c75303632375c75303632385c7530363437205c75303634345c75303632335c75303634615c7530363531205c75303633375c75303633395c7530363435205c75303632325c75303632655c7530363331205c75303634355c7530363436205c75303632375c75303634345c75303634385c75303632635c75303632385c75303632375c7530363261205c75303632375c75303634345c75303633335c75303635315c75303633315c75303634615c75303633395c75303632392e205c75323231615c75303634615c75303632645c75303632375c75303634315c7530363338205c75303633395c75303634345c7530363439205c75303634335c75303632615c75303634345c7530363239205c75303632375c75303634345c75303633395c75303633365c75303634345c75303632375c7530363261205c75303634385c75303634615c75303633395c75303634355c7530363434205c75303633395c75303634345c7530363439205c75303632615c75303632645c75303633335c75303634615c75303634365c75303634375c7530363237222c22656e223a2269732073696d706c792064756d6d792074657874206f6620746865207072696e74696e6720616e64207479706573657474696e6720696e6475737472792e204c6f72656d20497073756d20686173206265656e2074686520696e6475737472792773207374616e646172642064756d6d79227d\'','5','5','NULL','0','X\'73686d616d2d55714c4542\'','1','2','\'2023-09-13 05:00:26\'','\'2023-09-13 05:00:26\'','\'00:00:01\'','\'23:59:00\''),('25','18','0','15','X\'7b22656e223a22746f6d61746f227d\'','X\'7b226172223a225c75303633375c75303634355c75303632375c75303633375c7530363435222c22656e223a22746f6d61746f227d\'','10','10','NULL','0','X\'746f6d61746f2d3634393544\'','1','2','\'2023-12-14 06:04:04\'','\'2023-12-14 06:04:04\'','\'00:00:00\'','\'23:59:00\''),('26','19','0','18','X\'7b22656e223a2270697374616368696f2063616b65222c226172223a2273737373737373737373227d\'','X\'7b226172223a2269732073696d706c792064756d6d792074657874206f6620746865207072696e74696e6720616e64207479706573657474696e6720696e6475737472792e204c6f72656d20497073756d20686173206265656e2074686520696e6475737472792773207374616e646172642064756d6d79222c22656e223a225c75303634335c75303634615c7530363433205c75303632375c75303634345c75303634315c75303633335c75303632615c7530363432205c75303634355c75303633615c75303633375c75303632375c7530363239205c75303632385c75303632375c75303634345c75303634335c75303633315c75303634615c75303634355c7530363239205c75303634385c75303632375c75303634345c75303634315c75303633315c75303632375c75303634385c75303634345c7530363239205c75303634355c7530363436205c75303634355c75303632375c75303633315c75303634335c75303634615c7530363261202e2e2e205c75303634345c7530363237205c75303634615c75303634315c75303633345c7530363434205c75303632375c75303634345c75303634335c75303634615c7530363433205c75303632335c75303632385c75303632665c7530363237205c75303634315c7530363461205c75303632635c75303634355c7530363339205c75303632375c75303634345c75303632335c75303632645c75303632385c75303632375c7530363231205c75303634355c75303633395c7530363237205c75303633335c75303634385c75303632375c7530363231205c75303632375c75303632645c75303632615c75303634315c75303632375c75303634345c75303634625c7530363237205c75303632385c75303634355c75303634365c75303632375c75303633335c75303632385c7530363239205c75303634355c7530363237205c75303632375c7530363438205c75303632385c75303632665c75303634385c7530363436205c75303634355c75303634365c75303632375c75303633335c75303632385c7530363239227d\'','7','0','NULL','0','X\'70697374616368696f2d63616b652d587a386439\'','1','2','\'2023-12-19 23:59:49\'','\'2023-12-20 03:05:46\'','\'18:22:00\'','\'12:46:00\''),('27','19','0','18','X\'7b22656e223a2256616e696c6c612063616b65227d\'','X\'7b226172223a225c75303634335c75303634615c7530363433205c75303632375c75303634345c75303634315c75303633335c75303632615c7530363432205c75303634355c75303633615c75303633375c75303632375c7530363239205c75303632385c75303632375c75303634345c75303634335c75303633315c75303634615c75303634355c7530363239205c75303634385c75303632375c75303634345c75303634315c75303633315c75303632375c75303634385c75303634345c7530363239205c75303634355c7530363436205c75303634355c75303632375c75303633315c75303634335c75303634615c7530363261202e2e2e205c75303634345c7530363237205c75303634615c75303634315c75303633345c7530363434205c75303632375c75303634345c75303634335c75303634615c7530363433205c75303632335c75303632385c75303632665c7530363237205c75303634315c7530363461205c75303632635c75303634355c7530363339205c75303632375c75303634345c75303632335c75303632645c75303632385c75303632375c7530363231205c75303634355c75303633395c7530363237205c75303633335c75303634385c75303632375c7530363231205c75303632375c75303632645c75303632615c75303634315c75303632375c75303634345c75303634625c7530363237205c75303632385c75303634355c75303634365c75303632375c75303633335c75303632385c7530363239205c75303634355c7530363237205c75303632375c7530363438205c75303632385c75303632665c75303634385c7530363436205c75303634355c75303634365c75303632375c75303633335c75303632385c7530363239222c22656e223a2269732073696d706c792064756d6d792074657874206f6620746865207072696e74696e6720616e64207479706573657474696e6720696e6475737472792e204c6f72656d20497073756d20686173206265656e2074686520696e6475737472792773207374616e646172642064756d6d79227d\'','5','NULL','NULL','0','X\'76616e696c6c612d63616b652d4159516b31\'','1','2','\'2023-12-20 00:01:47\'','\'2023-12-20 00:01:47\'','\'19:01:00\'','\'07:01:00\''),('28','19','0','18','X\'7b22656e223a22537472617762657272792063616b65227d\'','X\'7b226172223a225c75303634335c75303634615c7530363433205c75303632375c75303634345c75303634315c75303633335c75303632615c7530363432205c75303634355c75303633615c75303633375c75303632375c7530363239205c75303632385c75303632375c75303634345c75303634335c75303633315c75303634615c75303634355c7530363239205c75303634385c75303632375c75303634345c75303634315c75303633315c75303632375c75303634385c75303634345c7530363239205c75303634355c7530363436205c75303634355c75303632375c75303633315c75303634335c75303634615c7530363261202e2e2e205c75303634345c7530363237205c75303634615c75303634315c75303633345c7530363434205c75303632375c75303634345c75303634335c75303634615c7530363433205c75303632335c75303632385c75303632665c7530363237205c75303634315c7530363461205c75303632635c75303634355c7530363339205c75303632375c75303634345c75303632335c75303632645c75303632385c75303632375c7530363231205c75303634355c75303633395c7530363237205c75303633335c75303634385c75303632375c7530363231205c75303632375c75303632645c75303632615c75303634315c75303632375c75303634345c75303634625c7530363237205c75303632385c75303634355c75303634365c75303632375c75303633335c75303632385c7530363239205c75303634355c7530363237205c75303632375c7530363438205c75303632385c75303632665c75303634385c7530363436205c75303634355c75303634365c75303632375c75303633335c75303632385c7530363239222c22656e223a2269732073696d706c792064756d6d792074657874206f6620746865207072696e74696e6720616e64207479706573657474696e6720696e6475737472792e204c6f72656d20497073756d20686173206265656e2074686520696e6475737472792773207374616e646172642064756d6d79227d\'','8','NULL','NULL','0','X\'737472617762657272792d63616b652d4c635a416d\'','1','2','\'2023-12-20 00:03:10\'','\'2023-12-20 00:03:10\'','\'19:02:00\'','\'07:02:00\''),('29','19','0','18','X\'7b22656e223a22426c756562657272792063616b65227d\'','X\'7b226172223a225c75303634335c75303634615c7530363433205c75303632375c75303634345c75303634315c75303633335c75303632615c7530363432205c75303634355c75303633615c75303633375c75303632375c7530363239205c75303632385c75303632375c75303634345c75303634335c75303633315c75303634615c75303634355c7530363239205c75303634385c75303632375c75303634345c75303634315c75303633315c75303632375c75303634385c75303634345c7530363239205c75303634355c7530363436205c75303634355c75303632375c75303633315c75303634335c75303634615c7530363261202e2e2e205c75303634345c7530363237205c75303634615c75303634315c75303633345c7530363434205c75303632375c75303634345c75303634335c75303634615c7530363433205c75303632335c75303632385c75303632665c7530363237205c75303634315c7530363461205c75303632635c75303634355c7530363339205c75303632375c75303634345c75303632335c75303632645c75303632385c75303632375c7530363231205c75303634355c75303633395c7530363237205c75303633335c75303634385c75303632375c7530363231205c75303632375c75303632645c75303632615c75303634315c75303632375c75303634345c75303634625c7530363237205c75303632385c75303634355c75303634365c75303632375c75303633335c75303632385c7530363239205c75303634355c7530363237205c75303632375c7530363438205c75303632385c75303632665c75303634385c7530363436205c75303634355c75303634365c75303632375c75303633335c75303632385c7530363239222c22656e223a2269732073696d706c792064756d6d792074657874206f6620746865207072696e74696e6720616e64207479706573657474696e6720696e6475737472792e204c6f72656d20497073756d20686173206265656e2074686520696e6475737472792773207374616e646172642064756d6d79227d\'','8','NULL','NULL','0','X\'626c756562657272792d63616b652d4742714c67\'','1','2','\'2023-12-20 00:05:00\'','\'2023-12-20 00:05:00\'','\'19:03:00\'','\'07:03:00\''),('30','3','0','26','X\'7b22656e223a22537472617762657272792063616b65227d\'','X\'7b226172223a225c75303632375c75303634345c75303634315c75303633375c75303634385c7530363331205c75303634345c7530363237205c75303634615c75303634335c75303632615c75303634355c7530363434205c75303632385c75303632665c75303634385c7530363436205c75303634325c75303633375c7530363339205c75303632375c75303634345c75303634375c75303634385c7530363261205c75303634335c75303634615c7530363433205c75303632375c75303634345c75303633375c75303633315c75303634615c7530363239205c75303632385c75303632375c75303634345c75303633325c75303632385c75303632665c75303632392e205c75303632665c75303634345c7530363434205c75303634365c75303634315c75303633335c7530363433205c75303634385c75303632375c75303633395c75303633375c75303634375c7530363237205c75303632375c75303634345c75303632665c75303634315c75303633395c7530363239205c75303632375c75303634345c75303633355c75303632385c75303632375c75303632645c75303634615c7530363239205c75303632375c75303634345c75303634325c75303634385c75303634615c7530363239205c75303632375c75303634345c75303632615c7530363461205c75303632615c75303632645c75303632615c75303632375c75303632635c75303634375c7530363237205c75303634355c7530363339205c75303634315c75303633375c75303634385c7530363331205c75303633335c75303633315c75303634615c7530363339205c75303634355c7530363436205c75303634355c75303632375c75303634335c75303632665c75303634385c75303634365c75303632375c75303634345c75303632665c75303633322e205c75303632375c75303633395c75303633315c7530363431205c75303632375c75303634345c75303634355c75303633325c75303634615c7530363266205c75303634375c75303634365c75303632372e222c22656e223a2269732073696d706c792064756d6d792074657874206f6620746865207072696e74696e6720616e64207479706573657474696e6720696e6475737472792e204c6f72656d20497073756d20686173206265656e2074686520696e6475737472792773207374616e646172642064756d6d79227d\'','8','NULL','NULL','0','X\'737472617762657272792d63616b652d53795a6352\'','1','2','\'2023-12-20 11:35:56\'','\'2023-12-20 11:35:56\'','\'05:05:00\'','\'17:05:00\''),('31','3','0','26','X\'7b22656e223a2250697374616368696f2063616b65227d\'','X\'7b226172223a225c75303632375c75303634345c75303634315c75303633375c75303634385c7530363331205c75303634345c7530363237205c75303634615c75303634335c75303632615c75303634355c7530363434205c75303632385c75303632665c75303634385c7530363436205c75303634325c75303633375c7530363339205c75303632375c75303634345c75303634375c75303634385c7530363261205c75303634335c75303634615c7530363433205c75303632375c75303634345c75303633375c75303633315c75303634615c7530363239205c75303632385c75303632375c75303634345c75303633325c75303632385c75303632665c75303632392e205c75303632665c75303634345c7530363434205c75303634365c75303634315c75303633335c7530363433205c75303634385c75303632375c75303633395c75303633375c75303634375c7530363237205c75303632375c75303634345c75303632665c75303634315c75303633395c7530363239205c75303632375c75303634345c75303633355c75303632385c75303632375c75303632645c75303634615c7530363239205c75303632375c75303634345c75303634325c75303634385c75303634615c7530363239205c75303632375c75303634345c75303632615c7530363461205c75303632615c75303632645c75303632615c75303632375c75303632635c75303634375c7530363237205c75303634355c7530363339205c75303634315c75303633375c75303634385c7530363331205c75303633335c75303633315c75303634615c7530363339205c75303634355c7530363436205c75303634355c75303632375c75303634335c75303632665c75303634385c75303634365c75303632375c75303634345c75303632665c75303633322e205c75303632375c75303633395c75303633315c7530363431205c75303632375c75303634345c75303634355c75303633325c75303634615c7530363266205c75303634375c75303634365c75303632372e222c22656e223a2269732073696d706c792064756d6d792074657874206f6620746865207072696e74696e6720616e64207479706573657474696e6720696e6475737472792e204c6f72656d20497073756d20686173206265656e2074686520696e6475737472792773207374616e646172642064756d6d79227d\'','8','NULL','NULL','0','X\'70697374616368696f2d63616b652d6b30367669\'','1','2','\'2023-12-20 11:37:16\'','\'2023-12-20 11:37:16\'','\'05:06:00\'','\'17:06:00\''),('32','3','0','26','X\'7b22656e223a22426c756562657272792063616b65227d\'','X\'7b226172223a225c75303632375c75303634345c75303634315c75303633375c75303634385c7530363331205c75303634345c7530363237205c75303634615c75303634335c75303632615c75303634355c7530363434205c75303632385c75303632665c75303634385c7530363436205c75303634325c75303633375c7530363339205c75303632375c75303634345c75303634375c75303634385c7530363261205c75303634335c75303634615c7530363433205c75303632375c75303634345c75303633375c75303633315c75303634615c7530363239205c75303632385c75303632375c75303634345c75303633325c75303632385c75303632665c75303632392e205c75303632665c75303634345c7530363434205c75303634365c75303634315c75303633335c7530363433205c75303634385c75303632375c75303633395c75303633375c75303634375c7530363237205c75303632375c75303634345c75303632665c75303634315c75303633395c7530363239205c75303632375c75303634345c75303633355c75303632385c75303632375c75303632645c75303634615c7530363239205c75303632375c75303634345c75303634325c75303634385c75303634615c7530363239205c75303632375c75303634345c75303632615c7530363461205c75303632615c75303632645c75303632615c75303632375c75303632635c75303634375c7530363237205c75303634355c7530363339205c75303634315c75303633375c75303634385c7530363331205c75303633335c75303633315c75303634615c7530363339205c75303634355c7530363436205c75303634355c75303632375c75303634335c75303632665c75303634385c75303634365c75303632375c75303634345c75303632665c75303633322e205c75303632375c75303633395c75303633315c7530363431205c75303632375c75303634345c75303634355c75303633325c75303634615c7530363266205c75303634375c75303634365c75303632372e222c22656e223a2269732073696d706c792064756d6d792074657874206f6620746865207072696e74696e6720616e64207479706573657474696e6720696e6475737472792e204c6f72656d20497073756d20686173206265656e2074686520696e6475737472792773207374616e646172642064756d6d79227d\'','8','NULL','NULL','0','X\'626c756562657272792d63616b652d7346657568\'','1','2','\'2023-12-20 11:39:01\'','\'2023-12-20 11:39:01\'','\'05:08:00\'','\'17:08:00\''),('33','3','0','26','X\'7b22656e223a2262616e616e612063616b65227d\'','X\'7b226172223a2269732073696d706c792064756d6d792074657874206f6620746865207072696e74696e6720616e64207479706573657474696e6720696e6475737472792e204c6f72656d20497073756d20686173206265656e2074686520696e6475737472792773207374616e646172642064756d6d79222c22656e223a225c75303632375c75303634345c75303634315c75303633375c75303634385c7530363331205c75303634345c7530363237205c75303634615c75303634335c75303632615c75303634355c7530363434205c75303632385c75303632665c75303634385c7530363436205c75303634325c75303633375c7530363339205c75303632375c75303634345c75303634375c75303634385c7530363261205c75303634335c75303634615c7530363433205c75303632375c75303634345c75303633375c75303633315c75303634615c7530363239205c75303632385c75303632375c75303634345c75303633325c75303632385c75303632665c75303632392e205c75303632665c75303634345c7530363434205c75303634365c75303634315c75303633335c7530363433205c75303634385c75303632375c75303633395c75303633375c75303634375c7530363237205c75303632375c75303634345c75303632665c75303634315c75303633395c7530363239205c75303632375c75303634345c75303633355c75303632385c75303632375c75303632645c75303634615c7530363239205c75303632375c75303634345c75303634325c75303634385c75303634615c7530363239205c75303632375c75303634345c75303632615c7530363461205c75303632615c75303632645c75303632615c75303632375c75303632635c75303634375c7530363237205c75303634355c7530363339205c75303634315c75303633375c75303634385c7530363331205c75303633335c75303633315c75303634615c7530363339205c75303634355c7530363436205c75303634355c75303632375c75303634335c75303632665c75303634385c75303634365c75303632375c75303634345c75303632665c75303633322e205c75303632375c75303633395c75303633315c7530363431205c75303632375c75303634345c75303634355c75303633325c75303634615c7530363266205c75303634375c75303634365c75303632372e227d\'','8','NULL','NULL','0','X\'62616e616e612d63616b652d37776b5161\'','1','2','\'2023-12-20 11:43:54\'','\'2023-12-20 11:43:54\'','\'05:13:00\'','\'17:13:00\''),('34','3','0','28','X\'7b22656e223a2263686f636f2063757063616b65227d\'','X\'7b226172223a225c75303632375c75303634345c75303634315c75303633375c75303634385c7530363331205c75303634345c7530363237205c75303634615c75303634335c75303632615c75303634355c7530363434205c75303632385c75303632665c75303634385c7530363436205c75303634325c75303633375c7530363339205c75303632375c75303634345c75303634375c75303634385c7530363261205c75303634335c75303634615c7530363433205c75303632375c75303634345c75303633375c75303633315c75303634615c7530363239205c75303632385c75303632375c75303634345c75303633325c75303632385c75303632665c75303632392e205c75303632665c75303634345c7530363434205c75303634365c75303634315c75303633335c7530363433205c75303634385c75303632375c75303633395c75303633375c75303634375c7530363237205c75303632375c75303634345c75303632665c75303634315c75303633395c7530363239205c75303632375c75303634345c75303633355c75303632385c75303632375c75303632645c75303634615c7530363239205c75303632375c75303634345c75303634325c75303634385c75303634615c7530363239205c75303632375c75303634345c75303632615c7530363461205c75303632615c75303632645c75303632615c75303632375c75303632635c75303634375c7530363237205c75303634355c7530363339205c75303634315c75303633375c75303634385c7530363331205c75303633335c75303633315c75303634615c7530363339205c75303634355c7530363436205c75303634355c75303632375c75303634335c75303632665c75303634385c75303634365c75303632375c75303634345c75303632665c75303633322e205c75303632375c75303633395c75303633315c7530363431205c75303632375c75303634345c75303634355c75303633325c75303634615c7530363266205c75303634375c75303634365c75303632372e222c22656e223a2269732073696d706c792064756d6d792074657874206f6620746865207072696e74696e6720616e64207479706573657474696e6720696e6475737472792e204c6f72656d20497073756d20686173206265656e2074686520696e6475737472792773207374616e646172642064756d6d79227d\'','8','NULL','NULL','0','X\'63686f636f2d63757063616b652d52366d6b32\'','1','2','\'2023-12-20 11:45:42\'','\'2023-12-20 11:45:42\'','\'05:15:00\'','\'17:15:00\''),('35','3','0','28','X\'7b22656e223a22537472617762657272792063757063616b65227d\'','X\'7b226172223a225c75303632375c75303634345c75303634315c75303633375c75303634385c7530363331205c75303634345c7530363237205c75303634615c75303634335c75303632615c75303634355c7530363434205c75303632385c75303632665c75303634385c7530363436205c75303634325c75303633375c7530363339205c75303632375c75303634345c75303634375c75303634385c7530363261205c75303634335c75303634615c7530363433205c75303632375c75303634345c75303633375c75303633315c75303634615c7530363239205c75303632385c75303632375c75303634345c75303633325c75303632385c75303632665c75303632392e205c75303632665c75303634345c7530363434205c75303634365c75303634315c75303633335c7530363433205c75303634385c75303632375c75303633395c75303633375c75303634375c7530363237205c75303632375c75303634345c75303632665c75303634315c75303633395c7530363239205c75303632375c75303634345c75303633355c75303632385c75303632375c75303632645c75303634615c7530363239205c75303632375c75303634345c75303634325c75303634385c75303634615c7530363239205c75303632375c75303634345c75303632615c7530363461205c75303632615c75303632645c75303632615c75303632375c75303632635c75303634375c7530363237205c75303634355c7530363339205c75303634315c75303633375c75303634385c7530363331205c75303633335c75303633315c75303634615c7530363339205c75303634355c7530363436205c75303634355c75303632375c75303634335c75303632665c75303634385c75303634365c75303632375c75303634345c75303632665c75303633322e205c75303632375c75303633395c75303633315c7530363431205c75303632375c75303634345c75303634355c75303633325c75303634615c7530363266205c75303634375c75303634365c75303632372e222c22656e223a2269732073696d706c792064756d6d792074657874206f6620746865207072696e74696e6720616e64207479706573657474696e6720696e6475737472792e204c6f72656d20497073756d20686173206265656e2074686520696e6475737472792773207374616e646172642064756d6d79227d\'','8','NULL','NULL','0','X\'737472617762657272792d63757063616b652d666e386934\'','1','2','\'2023-12-20 11:46:55\'','\'2023-12-20 11:46:55\'','\'05:16:00\'','\'17:16:00\''),('36','3','0','28','X\'7b22656e223a2250697374616368696f2063757063616b65227d\'','X\'7b226172223a225c75303632375c75303634345c75303634315c75303633375c75303634385c7530363331205c75303634345c7530363237205c75303634615c75303634335c75303632615c75303634355c7530363434205c75303632385c75303632665c75303634385c7530363436205c75303634325c75303633375c7530363339205c75303632375c75303634345c75303634375c75303634385c7530363261205c75303634335c75303634615c7530363433205c75303632375c75303634345c75303633375c75303633315c75303634615c7530363239205c75303632385c75303632375c75303634345c75303633325c75303632385c75303632665c75303632392e205c75303632665c75303634345c7530363434205c75303634365c75303634315c75303633335c7530363433205c75303634385c75303632375c75303633395c75303633375c75303634375c7530363237205c75303632375c75303634345c75303632665c75303634315c75303633395c7530363239205c75303632375c75303634345c75303633355c75303632385c75303632375c75303632645c75303634615c7530363239205c75303632375c75303634345c75303634325c75303634385c75303634615c7530363239205c75303632375c75303634345c75303632615c7530363461205c75303632615c75303632645c75303632615c75303632375c75303632635c75303634375c7530363237205c75303634355c7530363339205c75303634315c75303633375c75303634385c7530363331205c75303633335c75303633315c75303634615c7530363339205c75303634355c7530363436205c75303634355c75303632375c75303634335c75303632665c75303634385c75303634365c75303632375c75303634345c75303632665c75303633322e205c75303632375c75303633395c75303633315c7530363431205c75303632375c75303634345c75303634355c75303633325c75303634615c7530363266205c75303634375c75303634365c75303632372e222c22656e223a2269732073696d706c792064756d6d792074657874206f6620746865207072696e74696e6720616e64207479706573657474696e6720696e6475737472792e204c6f72656d20497073756d20686173206265656e2074686520696e6475737472792773207374616e646172642064756d6d79227d\'','8','NULL','NULL','0','X\'70697374616368696f2d63757063616b652d7358673257\'','1','2','\'2023-12-20 11:47:50\'','\'2023-12-20 11:47:50\'','\'05:17:00\'','\'17:17:00\''),('37','3','0','28','X\'7b22656e223a2241766f6361646f2063757063616b65227d\'','X\'7b226172223a225c75303632375c75303634345c75303634315c75303633375c75303634385c7530363331205c75303634345c7530363237205c75303634615c75303634335c75303632615c75303634355c7530363434205c75303632385c75303632665c75303634385c7530363436205c75303634325c75303633375c7530363339205c75303632375c75303634345c75303634375c75303634385c7530363261205c75303634335c75303634615c7530363433205c75303632375c75303634345c75303633375c75303633315c75303634615c7530363239205c75303632385c75303632375c75303634345c75303633325c75303632385c75303632665c75303632392e205c75303632665c75303634345c7530363434205c75303634365c75303634315c75303633335c7530363433205c75303634385c75303632375c75303633395c75303633375c75303634375c7530363237205c75303632375c75303634345c75303632665c75303634315c75303633395c7530363239205c75303632375c75303634345c75303633355c75303632385c75303632375c75303632645c75303634615c7530363239205c75303632375c75303634345c75303634325c75303634385c75303634615c7530363239205c75303632375c75303634345c75303632615c7530363461205c75303632615c75303632645c75303632615c75303632375c75303632635c75303634375c7530363237205c75303634355c7530363339205c75303634315c75303633375c75303634385c7530363331205c75303633335c75303633315c75303634615c7530363339205c75303634355c7530363436205c75303634355c75303632375c75303634335c75303632665c75303634385c75303634365c75303632375c75303634345c75303632665c75303633322e205c75303632375c75303633395c75303633315c7530363431205c75303632375c75303634345c75303634355c75303633325c75303634615c7530363266205c75303634375c75303634365c75303632372e222c22656e223a2269732073696d706c792064756d6d792074657874206f6620746865207072696e74696e6720616e64207479706573657474696e6720696e6475737472792e204c6f72656d20497073756d20686173206265656e2074686520696e6475737472792773207374616e646172642064756d6d79227d\'','8','NULL','NULL','0','X\'61766f6361646f2d63757063616b652d6437315a41\'','1','2','\'2023-12-20 11:48:45\'','\'2023-12-20 11:48:45\'','\'05:18:00\'','\'17:18:00\''),('38','3','0','1','X\'7b22656e223a226b756e616661222c226172223a225c75303634335c75303634365c75303632375c75303634315c7530363239227d\'','X\'7b226172223a225c75303632375c75303634345c75303634315c75303633375c75303634385c7530363331205c75303634345c7530363237205c75303634615c75303634335c75303632615c75303634355c7530363434205c75303632385c75303632665c75303634385c7530363436205c75303634325c75303633375c7530363339205c75303632375c75303634345c75303634375c75303634385c7530363261205c75303634335c75303634615c7530363433205c75303632375c75303634345c75303633375c75303633315c75303634615c7530363239205c75303632385c75303632375c75303634345c75303633325c75303632385c75303632665c75303632392e205c75303632665c75303634345c7530363434205c75303634365c75303634315c75303633335c7530363433205c75303634385c75303632375c75303633395c75303633375c75303634375c7530363237205c75303632375c75303634345c75303632665c75303634315c75303633395c7530363239205c75303632375c75303634345c75303633355c75303632385c75303632375c75303632645c75303634615c7530363239205c75303632375c75303634345c75303634325c75303634385c75303634615c7530363239205c75303632375c75303634345c75303632615c7530363461205c75303632615c75303632645c75303632615c75303632375c75303632635c75303634375c7530363237205c75303634355c7530363339205c75303634315c75303633375c75303634385c7530363331205c75303633335c75303633315c75303634615c7530363339205c75303634355c7530363436205c75303634355c75303632375c75303634335c75303632665c75303634385c75303634365c75303632375c75303634345c75303632665c75303633322e205c75303632375c75303633395c75303633315c7530363431205c75303632375c75303634345c75303634355c75303633325c75303634615c7530363266205c75303634375c75303634365c75303632372e222c22656e223a2269732073696d706c792064756d6d792074657874206f6620746865207072696e74696e6720616e64207479706573657474696e6720696e6475737472792e204c6f72656d20497073756d20686173206265656e2074686520696e6475737472792773207374616e646172642064756d6d79227d\'','8','0','NULL','0','X\'6b756e6166612d5132727134\'','1','2','\'2023-12-20 11:50:30\'','\'2023-12-20 09:23:46\'','\'05:20:00\'','\'17:20:00\''),('39','3','0','1','X\'7b22656e223a22426173626f757361227d\'','X\'7b226172223a225c75303632375c75303634345c75303634315c75303633375c75303634385c7530363331205c75303634345c7530363237205c75303634615c75303634335c75303632615c75303634355c7530363434205c75303632385c75303632665c75303634385c7530363436205c75303634325c75303633375c7530363339205c75303632375c75303634345c75303634375c75303634385c7530363261205c75303634335c75303634615c7530363433205c75303632375c75303634345c75303633375c75303633315c75303634615c7530363239205c75303632385c75303632375c75303634345c75303633325c75303632385c75303632665c75303632392e205c75303632665c75303634345c7530363434205c75303634365c75303634315c75303633335c7530363433205c75303634385c75303632375c75303633395c75303633375c75303634375c7530363237205c75303632375c75303634345c75303632665c75303634315c75303633395c7530363239205c75303632375c75303634345c75303633355c75303632385c75303632375c75303632645c75303634615c7530363239205c75303632375c75303634345c75303634325c75303634385c75303634615c7530363239205c75303632375c75303634345c75303632615c7530363461205c75303632615c75303632645c75303632615c75303632375c75303632635c75303634375c7530363237205c75303634355c7530363339205c75303634315c75303633375c75303634385c7530363331205c75303633335c75303633315c75303634615c7530363339205c75303634355c7530363436205c75303634355c75303632375c75303634335c75303632665c75303634385c75303634365c75303632375c75303634345c75303632665c75303633322e205c75303632375c75303633395c75303633315c7530363431205c75303632375c75303634345c75303634355c75303633325c75303634615c7530363266205c75303634375c75303634365c75303632372e222c22656e223a2269732073696d706c792064756d6d792074657874206f6620746865207072696e74696e6720616e64207479706573657474696e6720696e6475737472792e204c6f72656d20497073756d20686173206265656e2074686520696e6475737472792773207374616e646172642064756d6d79227d\'','8','NULL','NULL','0','X\'626173626f7573612d307656534b\'','1','2','\'2023-12-20 11:51:30\'','\'2023-12-20 11:51:30\'','\'05:21:00\'','\'17:21:00\''),('40','3','0','1','X\'7b22656e223a2254756c756d6261227d\'','X\'7b226172223a225c75303632375c75303634345c75303634315c75303633375c75303634385c7530363331205c75303634345c7530363237205c75303634615c75303634335c75303632615c75303634355c7530363434205c75303632385c75303632665c75303634385c7530363436205c75303634325c75303633375c7530363339205c75303632375c75303634345c75303634375c75303634385c7530363261205c75303634335c75303634615c7530363433205c75303632375c75303634345c75303633375c75303633315c75303634615c7530363239205c75303632385c75303632375c75303634345c75303633325c75303632385c75303632665c75303632392e205c75303632665c75303634345c7530363434205c75303634365c75303634315c75303633335c7530363433205c75303634385c75303632375c75303633395c75303633375c75303634375c7530363237205c75303632375c75303634345c75303632665c75303634315c75303633395c7530363239205c75303632375c75303634345c75303633355c75303632385c75303632375c75303632645c75303634615c7530363239205c75303632375c75303634345c75303634325c75303634385c75303634615c7530363239205c75303632375c75303634345c75303632615c7530363461205c75303632615c75303632645c75303632615c75303632375c75303632635c75303634375c7530363237205c75303634355c7530363339205c75303634315c75303633375c75303634385c7530363331205c75303633335c75303633315c75303634615c7530363339205c75303634355c7530363436205c75303634355c75303632375c75303634335c75303632665c75303634385c75303634365c75303632375c75303634345c75303632665c75303633322e205c75303632375c75303633395c75303633315c7530363431205c75303632375c75303634345c75303634355c75303633325c75303634615c7530363266205c75303634375c75303634365c75303632372e222c22656e223a2269732073696d706c792064756d6d792074657874206f6620746865207072696e74696e6720616e64207479706573657474696e6720696e6475737472792e204c6f72656d20497073756d20686173206265656e2074686520696e6475737472792773207374616e646172642064756d6d79227d\'','8','NULL','NULL','0','X\'74756c756d62612d6d676e7031\'','1','2','\'2023-12-20 11:53:07\'','\'2023-12-20 11:53:07\'','\'05:22:00\'','\'17:22:00\''),('41','3','0','27','X\'7b22656e223a22636f6f636b696573227d\'','X\'7b226172223a225c75303632375c75303634345c75303634315c75303633375c75303634385c7530363331205c75303634345c7530363237205c75303634615c75303634335c75303632615c75303634355c7530363434205c75303632385c75303632665c75303634385c7530363436205c75303634325c75303633375c7530363339205c75303632375c75303634345c75303634375c75303634385c7530363261205c75303634335c75303634615c7530363433205c75303632375c75303634345c75303633375c75303633315c75303634615c7530363239205c75303632385c75303632375c75303634345c75303633325c75303632385c75303632665c75303632392e205c75303632665c75303634345c7530363434205c75303634365c75303634315c75303633335c7530363433205c75303634385c75303632375c75303633395c75303633375c75303634375c7530363237205c75303632375c75303634345c75303632665c75303634315c75303633395c7530363239205c75303632375c75303634345c75303633355c75303632385c75303632375c75303632645c75303634615c7530363239205c75303632375c75303634345c75303634325c75303634385c75303634615c7530363239205c75303632375c75303634345c75303632615c7530363461205c75303632615c75303632645c75303632615c75303632375c75303632635c75303634375c7530363237205c75303634355c7530363339205c75303634315c75303633375c75303634385c7530363331205c75303633335c75303633315c75303634615c7530363339205c75303634355c7530363436205c75303634355c75303632375c75303634335c75303632665c75303634385c75303634365c75303632375c75303634345c75303632665c75303633322e205c75303632375c75303633395c75303633315c7530363431205c75303632375c75303634345c75303634355c75303633325c75303634615c7530363266205c75303634375c75303634365c75303632372e222c22656e223a2269732073696d706c792064756d6d792074657874206f6620746865207072696e74696e6720616e64207479706573657474696e6720696e6475737472792e204c6f72656d20497073756d20686173206265656e2074686520696e6475737472792773207374616e646172642064756d6d79227d\'','8','NULL','NULL','0','X\'636f6f636b6965732d6f39376f53\'','1','2','\'2023-12-20 11:55:21\'','\'2023-12-20 11:55:21\'','\'05:25:00\'','\'17:25:00\''),('42','3','0','27','X\'7b22656e223a2263686f636f6c61746520636f6f636b696573227d\'','X\'7b226172223a225c75303632375c75303634345c75303634315c75303633375c75303634385c7530363331205c75303634345c7530363237205c75303634615c75303634335c75303632615c75303634355c7530363434205c75303632385c75303632665c75303634385c7530363436205c75303634325c75303633375c7530363339205c75303632375c75303634345c75303634375c75303634385c7530363261205c75303634335c75303634615c7530363433205c75303632375c75303634345c75303633375c75303633315c75303634615c7530363239205c75303632385c75303632375c75303634345c75303633325c75303632385c75303632665c75303632392e205c75303632665c75303634345c7530363434205c75303634365c75303634315c75303633335c7530363433205c75303634385c75303632375c75303633395c75303633375c75303634375c7530363237205c75303632375c75303634345c75303632665c75303634315c75303633395c7530363239205c75303632375c75303634345c75303633355c75303632385c75303632375c75303632645c75303634615c7530363239205c75303632375c75303634345c75303634325c75303634385c75303634615c7530363239205c75303632375c75303634345c75303632615c7530363461205c75303632615c75303632645c75303632615c75303632375c75303632635c75303634375c7530363237205c75303634355c7530363339205c75303634315c75303633375c75303634385c7530363331205c75303633335c75303633315c75303634615c7530363339205c75303634355c7530363436205c75303634355c75303632375c75303634335c75303632665c75303634385c75303634365c75303632375c75303634345c75303632665c75303633322e205c75303632375c75303633395c75303633315c7530363431205c75303632375c75303634345c75303634355c75303633325c75303634615c7530363266205c75303634375c75303634365c75303632372e222c22656e223a2269732073696d706c792064756d6d792074657874206f6620746865207072696e74696e6720616e64207479706573657474696e6720696e6475737472792e204c6f72656d20497073756d20686173206265656e2074686520696e6475737472792773207374616e646172642064756d6d79227d\'','8','NULL','NULL','0','X\'63686f636f6c6174652d636f6f636b6965732d4c414e4243\'','1','2','\'2023-12-20 11:56:17\'','\'2023-12-20 11:56:17\'','\'05:26:00\'','\'17:26:00\''),('43','3','0','29','X\'7b22656e223a22537472617762657272792063686565736563616b65227d\'','X\'7b226172223a225c75303632375c75303634345c75303634315c75303633375c75303634385c7530363331205c75303634345c7530363237205c75303634615c75303634335c75303632615c75303634355c7530363434205c75303632385c75303632665c75303634385c7530363436205c75303634325c75303633375c7530363339205c75303632375c75303634345c75303634375c75303634385c7530363261205c75303634335c75303634615c7530363433205c75303632375c75303634345c75303633375c75303633315c75303634615c7530363239205c75303632385c75303632375c75303634345c75303633325c75303632385c75303632665c75303632392e205c75303632665c75303634345c7530363434205c75303634365c75303634315c75303633335c7530363433205c75303634385c75303632375c75303633395c75303633375c75303634375c7530363237205c75303632375c75303634345c75303632665c75303634315c75303633395c7530363239205c75303632375c75303634345c75303633355c75303632385c75303632375c75303632645c75303634615c7530363239205c75303632375c75303634345c75303634325c75303634385c75303634615c7530363239205c75303632375c75303634345c75303632615c7530363461205c75303632615c75303632645c75303632615c75303632375c75303632635c75303634375c7530363237205c75303634355c7530363339205c75303634315c75303633375c75303634385c7530363331205c75303633335c75303633315c75303634615c7530363339205c75303634355c7530363436205c75303634355c75303632375c75303634335c75303632665c75303634385c75303634365c75303632375c75303634345c75303632665c75303633322e205c75303632375c75303633395c75303633315c7530363431205c75303632375c75303634345c75303634355c75303633325c75303634615c7530363266205c75303634375c75303634365c75303632372e222c22656e223a2269732073696d706c792064756d6d792074657874206f6620746865207072696e74696e6720616e64207479706573657474696e6720696e6475737472792e204c6f72656d20497073756d20686173206265656e2074686520696e6475737472792773207374616e646172642064756d6d79227d\'','8','NULL','NULL','0','X\'737472617762657272792d63686565736563616b652d4b57765844\'','1','2','\'2023-12-20 11:58:36\'','\'2023-12-20 11:58:36\'','\'05:28:00\'','\'17:28:00\''),('44','3','0','30','X\'7b22656e223a2253747261776265727279206a656c6c79227d\'','X\'7b226172223a225c75303632375c75303634345c75303634315c75303633375c75303634385c7530363331205c75303634345c7530363237205c75303634615c75303634335c75303632615c75303634355c7530363434205c75303632385c75303632665c75303634385c7530363436205c75303634325c75303633375c7530363339205c75303632375c75303634345c75303634375c75303634385c7530363261205c75303634335c75303634615c7530363433205c75303632375c75303634345c75303633375c75303633315c75303634615c7530363239205c75303632385c75303632375c75303634345c75303633325c75303632385c75303632665c75303632392e205c75303632665c75303634345c7530363434205c75303634365c75303634315c75303633335c7530363433205c75303634385c75303632375c75303633395c75303633375c75303634375c7530363237205c75303632375c75303634345c75303632665c75303634315c75303633395c7530363239205c75303632375c75303634345c75303633355c75303632385c75303632375c75303632645c75303634615c7530363239205c75303632375c75303634345c75303634325c75303634385c75303634615c7530363239205c75303632375c75303634345c75303632615c7530363461205c75303632615c75303632645c75303632615c75303632375c75303632635c75303634375c7530363237205c75303634355c7530363339205c75303634315c75303633375c75303634385c7530363331205c75303633335c75303633315c75303634615c7530363339205c75303634355c7530363436205c75303634355c75303632375c75303634335c75303632665c75303634385c75303634365c75303632375c75303634345c75303632665c75303633322e205c75303632375c75303633395c75303633315c7530363431205c75303632375c75303634345c75303634355c75303633325c75303634615c7530363266205c75303634375c75303634365c75303632372e222c22656e223a2269732073696d706c792064756d6d792074657874206f6620746865207072696e74696e6720616e64207479706573657474696e6720696e6475737472792e204c6f72656d20497073756d20686173206265656e2074686520696e6475737472792773207374616e646172642064756d6d79227d\'','8','NULL','NULL','0','X\'737472617762657272792d6a656c6c792d6358694a43\'','1','2','\'2023-12-20 12:00:37\'','\'2023-12-20 12:00:37\'','\'05:30:00\'','\'17:30:00\''),('45','3','0','30','X\'7b22656e223a226a656c6c79206265616e73227d\'','X\'7b226172223a225c75303632375c75303634345c75303634315c75303633375c75303634385c7530363331205c75303634345c7530363237205c75303634615c75303634335c75303632615c75303634355c7530363434205c75303632385c75303632665c75303634385c7530363436205c75303634325c75303633375c7530363339205c75303632375c75303634345c75303634375c75303634385c7530363261205c75303634335c75303634615c7530363433205c75303632375c75303634345c75303633375c75303633315c75303634615c7530363239205c75303632385c75303632375c75303634345c75303633325c75303632385c75303632665c75303632392e205c75303632665c75303634345c7530363434205c75303634365c75303634315c75303633335c7530363433205c75303634385c75303632375c75303633395c75303633375c75303634375c7530363237205c75303632375c75303634345c75303632665c75303634315c75303633395c7530363239205c75303632375c75303634345c75303633355c75303632385c75303632375c75303632645c75303634615c7530363239205c75303632375c75303634345c75303634325c75303634385c75303634615c7530363239205c75303632375c75303634345c75303632615c7530363461205c75303632615c75303632645c75303632615c75303632375c75303632635c75303634375c7530363237205c75303634355c7530363339205c75303634315c75303633375c75303634385c7530363331205c75303633335c75303633315c75303634615c7530363339205c75303634355c7530363436205c75303634355c75303632375c75303634335c75303632665c75303634385c75303634365c75303632375c75303634345c75303632665c75303633322e205c75303632375c75303633395c75303633315c7530363431205c75303632375c75303634345c75303634355c75303633325c75303634615c7530363266205c75303634375c75303634365c75303632372e222c22656e223a2269732073696d706c792064756d6d792074657874206f6620746865207072696e74696e6720616e64207479706573657474696e6720696e6475737472792e204c6f72656d20497073756d20686173206265656e2074686520696e6475737472792773207374616e646172642064756d6d79227d\'','8','NULL','NULL','0','X\'6a656c6c792d6265616e732d684f597146\'','1','2','\'2023-12-20 12:01:37\'','\'2023-12-20 12:01:37\'','\'05:31:00\'','\'17:31:00\''),('46','20','0','31','X\'7b22656e223a2273737373737373222c226172223a2271717171227d\'','X\'7b226172223a225c75303633375c75303633395c75303634355c7530363463205c75303634355c75303634355c75303634615c75303635315c7530363332205c75303632645c75303634615c7530363262205c75303632335c75303634365c7530363437205c75303634615c75303633395c7530363266205c75303634355c7530363436205c75303632375c75303634345c75303634385c75303632635c75303632385c75303632375c7530363261205c75303632375c75303634345c75303634345c75303633305c75303634615c75303633305c7530363239205c75303632375c75303634345c75303632615c7530363461205c75303632615c75303632615c75303634355c75303634615c75303635315c7530363332205c75303632385c75303633375c75303633395c7530363435205c75303633315c75303632375c75303632365c7530363339205c75303633615c75303634615c7530363331205c75303634355c75303633345c75303632375c75303632385c7530363437205c75303634345c75303632335c75303634615c7530363531205c75303633375c75303633395c7530363435205c75303632325c75303632655c7530363331205c75303634355c7530363436205c75303632375c75303634345c75303634385c75303632635c75303632385c75303632375c7530363261205c75303632375c75303634345c75303633335c75303635315c75303633315c75303634615c75303633395c75303632392e205c75323231615c75303634615c75303632645c75303632375c75303634315c7530363338205c75303633395c75303634345c7530363439205c75303634335c75303632615c75303634345c7530363239205c75303632375c75303634345c75303633395c75303633365c75303634345c75303632375c7530363261205c75303634385c75303634615c75303633395c75303634355c7530363434205c75303633395c75303634345c7530363439205c75303632615c75303632645c75303633335c75303634615c75303634365c75303634375c7530363237222c22656e223a2269732073696d706c792064756d6d792074657874206f6620746865207072696e74696e6720616e64207479706573657474696e6720696e6475737472792e204c6f72656d20497073756d20686173206265656e2074686520696e6475737472792773207374616e646172642064756d6d79227d\'','10','10','NULL','10','X\'737373737373732d374572576d\'','1','2','\'2023-12-21 01:54:38\'','\'2023-12-21 01:27:35\'','\'20:00:00\'','\'23:59:00\''),('50','5','0','12','X\'7b22656e223a2270726f647563747320456e2031222c226172223a2270726f64756374732041722031227d\'','X\'7b226172223a225c75303633375c75303633395c75303634355c7530363463205c75303634355c75303634355c75303634615c75303635315c7530363332205c75303632645c75303634615c7530363262205c75303632335c75303634365c7530363437205c75303634615c75303633395c7530363266205c75303634355c7530363436205c75303632375c75303634345c75303634385c75303632635c75303632385c75303632375c7530363261205c75303632375c75303634345c75303634345c75303633305c75303634615c75303633305c7530363239205c75303632375c75303634345c75303632615c7530363461205c75303632615c75303632615c75303634355c75303634615c75303635315c7530363332205c75303632385c75303633375c75303633395c7530363435205c75303633315c75303632375c75303632365c7530363339205c75303633615c75303634615c7530363331205c75303634355c75303633345c75303632375c75303632385c7530363437205c75303634345c75303632335c75303634615c7530363531205c75303633375c75303633395c7530363435205c75303632325c75303632655c7530363331205c75303634355c7530363436205c75303632375c75303634345c75303634385c75303632635c75303632385c75303632375c7530363261205c75303632375c75303634345c75303633335c75303635315c75303633315c75303634615c75303633395c75303632392e205c75323231615c75303634615c75303632645c75303632375c75303634315c7530363338205c75303633395c75303634345c7530363439205c75303634335c75303632615c75303634345c7530363239205c75303632375c75303634345c75303633395c75303633365c75303634345c75303632375c7530363261205c75303634385c75303634615c75303633395c75303634355c7530363434205c75303633395c75303634345c7530363439205c75303632615c75303632645c75303633335c75303634615c75303634365c75303634375c7530363237222c22656e223a2269732073696d706c792064756d6d792074657874206f6620746865207072696e74696e6720616e64207479706573657474696e6720696e6475737472792e204c6f72656d20497073756d20686173206265656e2074686520696e6475737472792773207374616e646172642064756d6d79227d\'','111','0','NULL','NULL','X\'31312d6a54784344\'','1','2','\'2023-12-21 11:41:24\'','\'2024-04-12 16:34:30\'','\'11:11:00\'','\'01:01:00\''),('53','5','0','32','X\'7b22656e223a2270726f647563747320456e2032222c226172223a2270726f64756374732041722032227d\'','X\'7b226172223a225c75303633375c75303633395c75303634355c7530363463205c75303634355c75303634355c75303634615c75303635315c7530363332205c75303632645c75303634615c7530363262205c75303632335c75303634365c7530363437205c75303634615c75303633395c7530363266205c75303634355c7530363436205c75303632375c75303634345c75303634385c75303632635c75303632385c75303632375c7530363261205c75303632375c75303634345c75303634345c75303633305c75303634615c75303633305c7530363239205c75303632375c75303634345c75303632615c7530363461205c75303632615c75303632615c75303634355c75303634615c75303635315c7530363332205c75303632385c75303633375c75303633395c7530363435205c75303633315c75303632375c75303632365c7530363339205c75303633615c75303634615c7530363331205c75303634355c75303633345c75303632375c75303632385c7530363437205c75303634345c75303632335c75303634615c7530363531205c75303633375c75303633395c7530363435205c75303632325c75303632655c7530363331205c75303634355c7530363436205c75303632375c75303634345c75303634385c75303632635c75303632385c75303632375c7530363261205c75303632375c75303634345c75303633335c75303635315c75303633315c75303634615c75303633395c75303632392e205c75323231615c75303634615c75303632645c75303632375c75303634315c7530363338205c75303633395c75303634345c7530363439205c75303634335c75303632615c75303634345c7530363239205c75303632375c75303634345c75303633395c75303633365c75303634345c75303632375c7530363261205c75303634385c75303634615c75303633395c75303634355c7530363434205c75303633395c75303634345c7530363439205c75303632615c75303632645c75303633335c75303634615c75303634365c75303634375c7530363237222c22656e223a2269732073696d706c792064756d6d792074657874206f6620746865207072696e74696e6720616e64207479706573657474696e6720696e6475737472792e204c6f72656d20497073756d20686173206265656e2074686520696e6475737472792773207374616e646172642064756d6d79227d\'','10','45','NULL','NULL','X\'77652d4765726d69\'','1','1','\'2023-12-23 05:38:05\'','\'2024-04-12 16:34:51\'','NULL','NULL');

INSERT INTO languages(id,code,name,image,layout,is_default,is_available,created_at,updated_at) VALUES('1','\'en\'','\'English\'','\'flag-64d6042139e60.png\'','1','1','1','\'2022-12-13 09:15:46\'','\'2023-08-14 07:14:59\''),('2','\'ar\'','\'Arabic\'','\'flag-64fb5e1f700d8.jpg\'','2','2','1','\'2023-09-08 21:47:11\'','\'2023-09-08 21:47:11\'');

INSERT INTO migrations(id,migration,batch) VALUES('1','\'2014_10_12_000000_create_users_table\'','1'),('2','\'2021_12_20_101946_create_settings_table\'','2'),('3','\'2021_12_20_121616_create_categories_table\'','3'),('4','\'2021_12_22_072131_create_cuisines_table\'','4'),('5','\'2021_12_23_065134_create_menuses_table\'','5'),('6','\'2014_10_12_100000_create_password_resets_table\'','6'),('7','\'2019_08_19_000000_create_failed_jobs_table\'','6'),('8','\'2019_12_14_000001_create_personal_access_tokens_table\'','6'),('9','\'2022_11_14_051836_create_banner_image_table\'','6'),('10','\'2022_11_14_053221_create_banner_image_table\'','7'),('11','\'2023_09_14_124647_create_coupon_items_table\'','8'),('13','\'2023_09_30_131954_create_permission_tables\'','9'),('14','\'2023_10_06_000000_add_columns_to_settings_table\'','10'),('15','\'2023_10_11_000000_add_columns_to_orders_table\'','10'),('16','\'2023_10_14_000000_add_columns_to_orders_table\'','10'),('17','\'2023_10_26_000000_add_columns_to_items_table\'','10'),('18','\'2023_11_12_050426_create_user_addresses_table\'','1'),('19','\'2023_11_19_000000_add_columns_to_deliveryareas_table\'','11'),('20','\'2023_12_04_000000_add_columns_to_settings_table\'','11'),('21','\'2023_12_07_000000_add_columns_to_user_addresses_table\'','11'),('22','\'2023_12_27_050426_create_branches_table\'','12'),('23','\'2023_12_31_000000_add_columns_to_orders_table\'','13'),('25','\'2024_01_4_050426_add_columns_to_branches_table\'','14'),('27','\'2024_01_27_000000_add_columns_to_settings_table\'','15'),('28','\'2024_03_19_000000_add_columns_to_users_table\'','16'),('29','\'2024_03_24_231514_add_column_to_personal_access_tokens_table\'','17');


INSERT INTO model_has_roles(role_id,model_type,model_id) VALUES('2','\'App\\\\Models\\\\User\'','1'),('8','\'App\\\\Models\\\\User\'','2'),('8','\'App\\\\Models\\\\User\'','3'),('8','\'App\\\\Models\\\\User\'','4'),('8','\'App\\\\Models\\\\User\'','5'),('6','\'App\\\\Models\\\\User\'','6'),('6','\'App\\\\Models\\\\User\'','7'),('8','\'App\\\\Models\\\\User\'','18'),('8','\'App\\\\Models\\\\User\'','19'),('8','\'App\\\\Models\\\\User\'','20'),('8','\'App\\\\Models\\\\User\'','21'),('8','\'App\\\\Models\\\\User\'','22'),('11','\'App\\\\Models\\\\User\'','24'),('12','\'App\\\\Models\\\\User\'','25'),('12','\'App\\\\Models\\\\User\'','32');

INSERT INTO order_details(id,order_id,item_id,item_name,item_image,extras_id,extras_name,extras_price,price,variants_id,variants_name,variants_price,qty,created_at,updated_at) VALUES('1','1','1','\'box\'','\'item-64fb97bf71212.jpg\'','NULL','NULL','NULL','\'2.5\'','\'1\'','\'cheese\'','\'2.5\'','\'1\'','\'2023-09-09 07:40:54\'','\'2023-09-09 07:40:54\''),('2','2','1','\'box\'','\'item-64fb97bf71212.jpg\'','NULL','NULL','NULL','\'2.5\'','\'1\'','\'cheese\'','\'2.5\'','\'1\'','\'2023-09-09 09:34:42\'','\'2023-09-09 09:34:42\''),('3','3','4','\'\'','\'item-6500cd9e7b58b.jpg\'','NULL','NULL','NULL','\'5\'','NULL','NULL','NULL','\'1\'','\'2023-09-14 04:13:30\'','\'2023-09-14 04:13:30\''),('4','3','6','\'\'','\'item-6500cdda84cdb.jpg\'','NULL','NULL','NULL','\'5\'','NULL','NULL','NULL','\'1\'','\'2023-09-14 04:13:30\'','\'2023-09-14 04:13:30\''),('5','3','5','\'\'','\'item-6500cdbb3572b.jpg\'','NULL','NULL','NULL','\'5\'','NULL','NULL','NULL','\'1\'','\'2023-09-14 04:13:30\'','\'2023-09-14 04:13:30\''),('6','3','7','\'\'','\'item-6500cdf7b7ee4.jpg\'','NULL','NULL','NULL','\'5\'','NULL','NULL','NULL','\'1\'','\'2023-09-14 04:13:30\'','\'2023-09-14 04:13:30\''),('7','3','8','\' \'','\'item-6500ce1494802.jpg\'','NULL','NULL','NULL','\'5\'','NULL','NULL','NULL','\'1\'','\'2023-09-14 04:13:30\'','\'2023-09-14 04:13:30\''),('8','3','4','\'\'','\'item-6500cd9e7b58b.jpg\'','NULL','NULL','NULL','\'5\'','NULL','NULL','NULL','\'1\'','\'2023-09-14 04:13:30\'','\'2023-09-14 04:13:30\''),('9','3','5','\'\'','\'item-6500cdbb3572b.jpg\'','NULL','NULL','NULL','\'5\'','NULL','NULL','NULL','\'1\'','\'2023-09-14 04:13:30\'','\'2023-09-14 04:13:30\''),('10','3','6','\'\'','\'item-6500cdda84cdb.jpg\'','NULL','NULL','NULL','\'5\'','NULL','NULL','NULL','\'1\'','\'2023-09-14 04:13:30\'','\'2023-09-14 04:13:30\''),('11','3','7','\'\'','\'item-6500cdf7b7ee4.jpg\'','NULL','NULL','NULL','\'5\'','NULL','NULL','NULL','\'1\'','\'2023-09-14 04:13:30\'','\'2023-09-14 04:13:30\''),('12','3','10','\'\'','\'item-6500d0dc57229.jpg\'','NULL','NULL','NULL','\'5\'','NULL','NULL','NULL','\'2\'','\'2023-09-14 04:13:30\'','\'2023-09-14 04:13:30\''),('13','3','11','\'\'','\'item-6500d0f903487.jpg\'','NULL','NULL','NULL','\'5\'','NULL','NULL','NULL','\'2\'','\'2023-09-14 04:13:30\'','\'2023-09-14 04:13:30\''),('14','4','2','\'milk\'','\'item-651ecd16bdd67.jpg\'','NULL','NULL','NULL','\'10\'','NULL','NULL','NULL','\'1\'','\'2023-10-15 04:39:18\'','\'2023-10-15 04:39:18\''),('15','4','3','\'bread\'','\'item-651ecd41ec19f.jpg\'','NULL','NULL','NULL','\'10\'','NULL','NULL','NULL','\'1\'','\'2023-10-15 04:39:18\'','\'2023-10-15 04:39:18\''),('16','5','2','\'milk\'','\'item-651ecd16bdd67.jpg\'','NULL','NULL','NULL','\'10\'','NULL','NULL','NULL','\'1\'','\'2023-10-15 04:39:42\'','\'2023-10-15 04:39:42\''),('17','6','2','\'milk\'','\'item-651ecd16bdd67.jpg\'','NULL','NULL','NULL','\'10\'','NULL','NULL','NULL','\'1\'','\'2023-10-15 04:41:17\'','\'2023-10-15 04:41:17\''),('18','7','17','\'\'','\'item-65200de99589f.jpg\'','NULL','NULL','NULL','\'5\'','NULL','NULL','NULL','\'1\'','\'2023-10-15 18:29:13\'','\'2023-10-15 18:29:13\''),('19','7','17','\'\'','\'item-65200de99589f.jpg\'','NULL','NULL','NULL','\'5\'','NULL','NULL','NULL','\'1\'','\'2023-10-15 18:29:13\'','\'2023-10-15 18:29:13\''),('20','7','2','\'milk\'','\'item-651ecd16bdd67.jpg\'','NULL','NULL','NULL','\'10\'','NULL','NULL','NULL','\'1\'','\'2023-10-15 18:29:13\'','\'2023-10-15 18:29:13\''),('21','8','17','\'\'','\'item-65200de99589f.jpg\'','NULL','NULL','NULL','\'5\'','NULL','NULL','NULL','\'1\'','\'2023-10-15 18:30:40\'','\'2023-10-15 18:30:40\''),('22','9','2','\'milk\'','\'item-651ecd16bdd67.jpg\'','NULL','NULL','NULL','\'10\'','NULL','NULL','NULL','\'1\'','\'2023-10-30 11:54:52\'','\'2023-10-30 11:54:52\''),('23','9','18','\' 3\'','\'item-65200e0b131d3.jpg\'','NULL','NULL','NULL','\'7\'','NULL','NULL','NULL','\'1\'','\'2023-10-30 11:54:52\'','\'2023-10-30 11:54:52\''),('24','10','17','\'\'','\'item-65200de99589f.jpg\'','NULL','NULL','NULL','\'5\'','NULL','NULL','NULL','\'1\'','\'2023-11-19 07:41:56\'','\'2023-11-19 07:41:56\''),('25','11','3','\'bread\'','\'item-651ecd41ec19f.jpg\'','NULL','NULL','NULL','\'10\'','NULL','NULL','NULL','\'1\'','\'2023-11-21 05:14:57\'','\'2023-11-21 05:14:57\''),('26','12','16','\'\'','\'item-651ed3ffb098e.jpg\'','NULL','NULL','NULL','\'5\'','NULL','NULL','NULL','\'1\'','\'2023-12-13 02:59:36\'','\'2023-12-13 02:59:36\''),('27','13','3','\'bread\'','\'item-651ecd41ec19f.jpg\'','\'3\'','\'10\'','\'10\'','\'10\'','NULL','NULL','NULL','\'1\'','\'2023-12-13 03:13:13\'','\'2023-12-13 03:13:13\''),('28','14','3','\'beef burger\'','\'item-6579363acd741.jpg\'','NULL','NULL','NULL','\'10\'','NULL','NULL','NULL','\'1\'','\'2023-12-19 22:02:57\'','\'2023-12-19 22:02:57\''),('29','14','17','\'Chicken burger\'','\'item-6578d3e32a2b1.jpg\'','NULL','NULL','NULL','\'5\'','NULL','NULL','NULL','\'1\'','\'2023-12-19 22:02:57\'','\'2023-12-19 22:02:57\''),('30','15','17','\' \'','\'item-6578d3e32a2b1.jpg\'','NULL','NULL','NULL','\'5\'','NULL','NULL','NULL','\'1\'','\'2023-12-19 22:05:10\'','\'2023-12-19 22:05:10\''),('31','16','38','\'kunafa\'','\'item-65824f6eca466.jpg\'','NULL','NULL','NULL','\'8\'','NULL','NULL','NULL','\'1\'','\'2023-12-20 12:13:16\'','\'2023-12-20 12:13:16\''),('32','16','38','\'kunafa\'','\'item-65824f6eca466.jpg\'','NULL','NULL','NULL','\'8\'','NULL','NULL','NULL','\'2\'','\'2023-12-20 12:13:16\'','\'2023-12-20 12:13:16\''),('33','17','41','\'coockies\'','\'item-658250913d18a.jpg\'','NULL','NULL','NULL','\'8\'','NULL','NULL','NULL','\'2\'','\'2023-12-20 12:19:30\'','\'2023-12-20 12:19:30\''),('34','18','39','\'Basbousa\'','\'item-65824faa4fe19.jpg\'','NULL','NULL','NULL','\'8\'','NULL','NULL','NULL','\'1\'','\'2023-12-20 12:55:32\'','\'2023-12-20 12:55:32\''),('35','18','38','\'kunafa\'','\'item-65824f6eca466.jpg\'','NULL','NULL','NULL','\'8\'','NULL','NULL','NULL','\'1\'','\'2023-12-20 12:55:32\'','\'2023-12-20 12:55:32\''),('36','19','53','\'we\'','\'item-65861ddd5bdc2.png\'','NULL','NULL','NULL','\'454\'','NULL','NULL','NULL','\'1\'','\'2024-01-19 18:26:10\'','\'2024-01-19 18:26:10\''),('37','20','53','\'we\'','\'item-65861ddd5bdc2.png\'','NULL','NULL','NULL','\'454\'','NULL','NULL','NULL','\'1\'','\'2024-01-19 21:30:35\'','\'2024-01-19 21:30:35\''),('38','21','53','\'we\'','\'item-65861ddd5bdc2.png\'','NULL','NULL','NULL','\'454\'','NULL','NULL','NULL','\'1\'','\'2024-01-21 00:52:04\'','\'2024-01-21 00:52:04\''),('39','28','53','\'we\'','\'item-65861ddd5bdc2.png\'','NULL','NULL','NULL','\'454\'','NULL','NULL','NULL','\'1\'','\'2024-01-21 01:10:02\'','\'2024-01-21 01:10:02\''),('40','28','53','\'we\'','\'item-65861ddd5bdc2.png\'','NULL','NULL','NULL','\'454\'','NULL','NULL','NULL','\'1\'','\'2024-01-21 01:10:02\'','\'2024-01-21 01:10:02\''),('41','29','53','\'we\'','\'item-65861ddd5bdc2.png\'','NULL','NULL','NULL','\'10\'','NULL','NULL','NULL','\'1\'','\'2024-01-31 01:03:09\'','\'2024-01-31 01:03:09\''),('42','30','53','\'we\'','\'item-65861ddd5bdc2.png\'','NULL','NULL','NULL','\'10\'','NULL','NULL','NULL','\'1\'','\'2024-01-31 01:17:02\'','\'2024-01-31 01:17:02\''),('43','30','53','\'we\'','\'item-65861ddd5bdc2.png\'','NULL','NULL','NULL','\'10\'','NULL','NULL','NULL','\'1\'','\'2024-01-31 01:17:02\'','\'2024-01-31 01:17:02\''),('44','31','53','\'we\'','\'item-65861ddd5bdc2.png\'','NULL','NULL','NULL','\'10\'','NULL','NULL','NULL','\'1\'','\'2024-01-31 01:30:30\'','\'2024-01-31 01:30:30\''),('45','32','54','\'Philip Patterson\'','\'item-65bfe43d73fc0.png\'','NULL','NULL','NULL','\'445\'','NULL','NULL','NULL','\'1\'','\'2024-02-04 23:37:44\'','\'2024-02-04 23:37:44\''),('46','33','54','\'Philip Patterson\'','\'item-65bfe43d73fc0.png\'','NULL','NULL','NULL','\'445\'','NULL','NULL','NULL','\'1\'','\'2024-02-10 23:38:08\'','\'2024-02-10 23:38:08\''),('47','34','54','\'Philip Patterson\'','\'item-65bfe43d73fc0.png\'','NULL','NULL','NULL','\'445\'','NULL','NULL','NULL','\'1\'','\'2024-02-10 23:39:44\'','\'2024-02-10 23:39:44\'');

INSERT INTO orders(id,vendor_id,user_id,order_number,payment_type,payment_id,sub_total,tax,grand_total,order_type,table_id,address,pincode,building,landmark,delivery_area,delivery_charge,discount_amount,couponcode,order_notes,customer_name,customer_email,mobile,delivery_date,delivery_time,order_from,status,is_notification,created_at,updated_at,block,street,house_num,latitude,longitude,branch_id) VALUES('29','5','NULL','\'MLVAYO83QK\'','1','NULL','\'10\'','\'121.2\'','\'131.2\'','2','NULL','\'{\\\"en\\\":null}\'','\'\'','\'\'','\'\'','\'dawdawd\'','\'0.00\'','\'0\'','NULL','X\'73737373737373737373737373737373737373\'','X\'6d6f7374616661\'','X\'746966612e61686d6564323340676d61696c2e636f6d\'','X\'313131313131313131313131313131\'','NULL','NULL','NULL','1','1','\'2024-01-31 01:03:09\'','\'2024-01-31 01:03:09\'','NULL','NULL','NULL','X\'32352e32373339353834\'','X\'35352e33303538333034\'','NULL'),('30','5','NULL','\'6LFE1XJSCD\'','1','NULL','\'20\'','\'242.4\'','\'272.4\'','1','NULL','\'{\\\"en\\\":\\\"Deira, Al Nakheel Rd, Juma Saif Hussain Bldg - \\\\u0646\\\\u0627\\\\u064a\\\\u0641\\\\u200e - \\\\u062f\\\\u0628\\\\u064a - United Arab Emirates\\\",\\\"ar\\\":\\\"Deira, Al Nakheel Rd, Juma Saif Hussain Bldg - \\\\u0646\\\\u0627\\\\u064a\\\\u0641\\\\u200e - \\\\u062f\\\\u0628\\\\u064a - \\\\u0627\\\\u0644\\\\u0625\'','NULL','NULL','NULL','\'dawdawd\'','\'10\'','\'0\'','NULL','X\'73737373737373737373737373737373\'','X\'6d6f7374616661\'','X\'746966612e61686d6564323340676d61696c2e636f6d\'','X\'33333333333333333333333333\'','\'2024-01-31\'','\'06:00 PM - 07:00 PM\'','NULL','1','1','\'2024-01-31 01:17:02\'','\'2024-01-31 01:17:02\'','NULL','NULL','NULL','X\'32352e3237333834313937373930373136\'','X\'35352e33303735303430393834323533\'','NULL'),('31','5','NULL','\'9FQVY7SENQ\'','1','NULL','\'10\'','\'121.2\'','\'141.2\'','1','NULL','\'{\\\"ar\\\":\\\"Behind Mount Royal Hotel -  -  -   \\\",\\\"en\\\":\\\"Behind Mount Royal Hotel -  -  - United Arab Emirates\\\"}\'','NULL','NULL','NULL','\'dawdawd\'','\'10\'','\'0\'','NULL','X\'737373737373737373737373\'','X\'6d6f7374616661\'','X\'746966612e61686d6564323340676d61696c2e636f6d\'','X\'333333333333333333333333\'','\'2024-01-31\'','\'12:00 PM - 01:00 PM\'','NULL','1','1','\'2024-01-31 01:30:30\'','\'2024-01-31 01:30:30\'','NULL','NULL','NULL','X\'32352e32373036323935343634333936\'','X\'35352e3330333934363039383339393439\'','NULL'),('32','5','NULL','\'6JBLO2QDWU\'','1','NULL','\'445\'','\'0\'','\'445\'','2','NULL','\'\'','\'\'','\'\'','\'\'','\'dawdawd\'','\'0.00\'','\'0\'','NULL','X\'73737373737373737373\'','X\'6d6f7374616661\'','X\'746966612e61686d6564323340676d61696c2e636f6d\'','X\'32323232323232323232323232\'','\'2024-02-06\'','\'02:00 PM - 03:00 PM\'','NULL','3','1','\'2024-02-04 23:37:44\'','\'2024-02-04 22:51:10\'','NULL','NULL','NULL','X\'32352e33313739373131\'','X\'35352e34353832343839\'','NULL'),('33','5','NULL','\'LHGDRN8XJE\'','1','NULL','\'445\'','\'0\'','\'455\'','2','NULL','\'\'','\'\'','\'\'','\'\'','\'dawdawd\'','\'0.00\'','\'0\'','NULL','X\'d8b5d8b5d8b5d8b5d8b5d8b5d8b5d8b5\'','X\'6d6f7374616661\'','X\'746966612e61686d6564323340676d61696c2e636f6d\'','X\'31313131313131313131313131\'','\'2024-02-12\'','\'07:00 PM - 08:00 PM\'','NULL','1','1','\'2024-02-10 23:38:08\'','\'2024-02-10 23:38:08\'','NULL','NULL','NULL','X\'32352e33313739373131\'','X\'35352e34353832343839\'','NULL'),('34','5','NULL','\'TOKK2GQF01\'','1','NULL','\'445\'','\'0\'','\'445\'','2','NULL','\'\'','\'\'','\'\'','\'\'','\'dawdawd\'','\'0.00\'','\'0\'','NULL','X\'d985d985d985d985d985d985d985d985d985\'','X\'6d6f7374616661\'','X\'746966612e61686d6564323340676d61696c2e636f6d\'','X\'30353233393131353030\'','\'2024-02-28\'','\'02:00 PM - 03:00 PM\'','NULL','1','1','\'2024-02-10 23:39:44\'','\'2024-02-10 23:39:44\'','NULL','NULL','NULL','X\'32352e33313739373131\'','X\'35352e34353832343839\'','NULL');

INSERT INTO password_resets(email,token,created_at) VALUES('\'admin@gmail.com\'','\'$2y$10$.3Z6xp1.T6JWdkcRcOGHqut.Cfi.Ej3pRMq7JjZhwRV6W3oBraxny\'','\'2024-04-12 13:30:31\'');

INSERT INTO payments(id,vendor_id,payment_name,currency,image,public_key,secret_key,encryption_key,environment,bank_name,account_number,account_holder_name,bank_ifsc_code,is_available,is_activate,created_at,updated_at) VALUES('1','1','\'COD\'','\'\'','\'cod.png\'','NULL','NULL','X\'\'','1','NULL','NULL','NULL','NULL','1','1','\'2021-09-02 23:36:58\'','\'2024-01-31 00:01:50\''),('2','1','\'RazorPay\'','\'INR\'','\'razorpay.png\'','X\'727a705f746573745f347238793077444d6b725544466e\'','X\'6e4544754a6c704c33783242714878596c5142597472746f\'','X\'\'','1','NULL','NULL','NULL','NULL','2','1','\'2021-09-02 23:36:58\'','\'2024-01-17 22:27:10\''),('3','1','\'Stripe\'','\'USD\'','\'stripe.png\'','X\'706b5f746573745f3531496a4e67494a775a70704b32315a51613665375a564f496d774a3261754935345444367848696369393475374444356d684766316f61426944794c396d583750624e356e74365765617034746d47574c524972736c437530306438516751336e49\'','X\'736b5f746573745f3531496a4e67494a775a70704b32315a514b3835754c41524d6468747575684138315042323456446669715357385358515a4b725a7a766270496b6967456232377a5a50424d463455454737504b393538375872657375633030307838436445323241\'','X\'\'','1','NULL','NULL','NULL','NULL','2','1','\'2021-09-02 23:36:58\'','\'2024-01-17 22:27:13\''),('4','1','\'Flutterwave\'','\'NGN\'','\'flutterwave.png\'','X\'464c575055424b5f544553542d36316339343036386334613434353438613737316363376366393534386430352d58\'','X\'464c575345434b5f544553542d31313430373831373639623762643563666436623366623664353730343031372d58\'','X\'464c575345434b5f54455354383633613339656231343735\'','1','NULL','NULL','NULL','NULL','2','1','\'2021-10-21 16:58:05\'','\'2024-01-17 22:27:17\''),('5','1','\'Paystack\'','\'GHS\'','\'paystack.png\'','X\'706b5f746573745f38613661313339613362616536653431636262626334316634643762363564346461396637393637\'','X\'736b5f746573745f36616231343362366630633261323039333733616465656635356136343431316331613931616539\'','X\'\'','1','NULL','NULL','NULL','NULL','1','1','\'2021-10-21 16:58:12\'','\'2023-12-26 03:03:08\''),('6','1','\'Banktransfer\'','\'\'','\'banktransfer.png\'','NULL','NULL','X\'\'','0','NULL','NULL','NULL','NULL','1','1','\'2021-10-21 16:58:12\'','\'2023-09-09 01:40:13\''),('7','1','\'Mercadopago\'','\'R$\'','\'mercadopago.png\'','X\'2d\'','X\'4150505f5553522d333639333134363733343031353739322d3034323831312d63366465636135366466386163363665383365666235333334633436313130632d313236353038323235\'','X\'\'','1','NULL','NULL','NULL','NULL','2','1','\'2021-10-21 16:58:12\'','\'2024-01-21 00:54:25\''),('8','1','\'PayPal\'','\'USD\'','\'paypal.png\'','X\'416352783776767937396e624e7842656d6163474b6d6e6e52655f4374786b497479737042535f65654d4950524577664345496650673175582d6264715072535f5a46476f637845485f534a5272494a\'','X\'454774674e6b6a743349356c6b6845457a6963646f74386756485f506346694b7878365a4269587056727034514c4459635651514d4c58364d4d475f666b53395f483062776d5a7a426f7662346a4c50\'','X\'\'','1','NULL','NULL','NULL','NULL','2','1','\'2021-10-21 16:58:12\'','\'2024-01-17 22:27:21\''),('9','1','\'MyFatoorah\'','\'KWT\'','\'myfatoorah.png\'','X\'\'','X\'724c7474364a5776625548444468735a6e6670416870596b3464785944516b626350547947614b70325459715167473746475a3554685f574435334f713845627a364135336e6a556f6f317733706a5531443476735f5a4d7146697a5f6a307572625f4248394f7139565a6f4b466f4a45444162525a6570476351616e496d7959727279374b74364d6e4d64676647356a6e34486e67576f52644b64754e4e7950346b7a6370336d52763778303061686b6d394c414b375a52696567376b315044416e42494f4733457956534a356b4b34574c4d7659723773437748624863753441355777656c78594b30474d4a793337624e416172534a444651734a325a764a6a764d446d6657774456464556655f35744f6f6d66564e7436624f67396d657862476a4d726e48426e4b6e5a52317651624274516965446c5165707a545a4d75517253754b6e2d7435585a4d375636664357376f502d755847582d734d4f616a655836354a4f66365856706b3239445036726f38575441666c4344414e43313933796f66382d66355f4559592d336858684a6a375242586d697a44706e654551445361537a3573466b3073563571506341524a397a474737337675474679656e6a50506d744474587470783335412d4256634f53425956495765396b6e6447336e636c6665666a4b45755a336d346a4c3947673168324a42766d58534d59695a7470394d5235493670766276796c555f505035784a46536a5654497a374951536a6356474f34316e706e77497852584e5278464f644955486e30746a512d374c7776456354587950734858634d443857746742682d77785238614b58375750537354314f386438726562326152374b33726b56334b38324b5f304f676177496d457077537670394d4e4b796e45414a5153365a48655f4a5f6c37373635327877504e784d52544d41536b315a734a4c\'','X\'\'','1','NULL','NULL','NULL','NULL','1','1','\'2021-10-21 16:58:12\'','\'2023-08-09 18:02:47\''),('10','1','\'toyyibpay\'','\'RM\'','\'toyyibpay.png\'','X\'7473373569737a67\'','X\'6c75696568326a742d386870612d6d3278762d77726b762d656a726676686a70706e736a\'','X\'\'','1','NULL','NULL','NULL','NULL','1','1','\'2021-10-21 16:58:12\'','\'2023-12-23 01:24:36\''),('11','2','\'COD\'','\'\'','\'cod.png\'','X\'2d\'','X\'2d\'','X\'2d\'','1','NULL','NULL','NULL','NULL','1','1','\'2023-09-09 02:14:35\'','\'2024-01-31 00:01:50\''),('12','2','\'RazorPay\'','\'INR\'','\'razorpay.png\'','X\'2d\'','X\'2d\'','X\'2d\'','1','NULL','NULL','NULL','NULL','1','2','\'2023-09-09 02:14:35\'','\'2024-01-17 22:27:10\''),('13','2','\'Stripe\'','\'USD\'','\'stripe.png\'','X\'2d\'','X\'2d\'','X\'2d\'','1','NULL','NULL','NULL','NULL','1','2','\'2023-09-09 02:14:35\'','\'2024-01-17 22:27:13\''),('14','2','\'Flutterwave\'','\'NGN\'','\'flutterwave.png\'','X\'2d\'','X\'2d\'','X\'2d\'','1','NULL','NULL','NULL','NULL','1','2','\'2023-09-09 02:14:35\'','\'2024-01-17 22:27:17\''),('15','2','\'Paystack\'','\'GHS\'','\'paystack.png\'','X\'2d\'','X\'2d\'','X\'2d\'','1','NULL','NULL','NULL','NULL','1','1','\'2023-09-09 02:14:35\'','\'2023-12-26 03:03:08\''),('16','2','\'Mercadopago\'','\'R$\'','\'mercadopago.png\'','X\'2d\'','X\'2d\'','X\'2d\'','1','NULL','NULL','NULL','NULL','1','2','\'2023-09-09 02:14:35\'','\'2024-01-21 00:54:25\''),('17','2','\'PayPal\'','\'USD\'','\'paypal.png\'','X\'2d\'','X\'2d\'','X\'2d\'','1','NULL','NULL','NULL','NULL','1','2','\'2023-09-09 02:14:35\'','\'2024-01-17 22:27:21\''),('18','2','\'MyFatoorah\'','\'KWT\'','\'myfatoorah.png\'','X\'2d\'','X\'2d\'','X\'2d\'','1','NULL','NULL','NULL','NULL','1','1','\'2023-09-09 02:14:35\'','\'2023-09-09 02:14:35\''),('19','2','\'toyyibpay\'','\'RM\'','\'toyyibpay.png\'','X\'2d\'','X\'2d\'','X\'2d\'','1','NULL','NULL','NULL','NULL','1','1','\'2023-09-09 02:14:35\'','\'2023-12-23 01:24:36\''),('20','3','\'COD\'','\'\'','\'cod.png\'','X\'2d\'','X\'2d\'','X\'2d\'','1','NULL','NULL','NULL','NULL','1','1','\'2023-09-09 02:15:18\'','\'2024-01-31 00:01:50\''),('21','3','\'RazorPay\'','\'INR\'','\'razorpay.png\'','X\'2d\'','X\'2d\'','X\'\'','1','NULL','NULL','NULL','NULL','2','2','\'2023-09-09 02:15:18\'','\'2024-01-17 22:27:10\''),('22','3','\'Stripe\'','\'USD\'','\'stripe.png\'','X\'2d\'','X\'2d\'','X\'\'','1','NULL','NULL','NULL','NULL','2','2','\'2023-09-09 02:15:18\'','\'2024-01-17 22:27:13\''),('23','3','\'Flutterwave\'','\'NGN\'','\'flutterwave.png\'','X\'2d\'','X\'2d\'','X\'2d\'','1','NULL','NULL','NULL','NULL','2','2','\'2023-09-09 02:15:18\'','\'2024-01-17 22:27:17\''),('24','3','\'Paystack\'','\'GHS\'','\'paystack.png\'','X\'2d\'','X\'2d\'','X\'\'','1','NULL','NULL','NULL','NULL','2','1','\'2023-09-09 02:15:18\'','\'2023-12-26 03:03:08\''),('25','3','\'Mercadopago\'','\'R$\'','\'mercadopago.png\'','X\'2d\'','X\'2d\'','X\'\'','1','NULL','NULL','NULL','NULL','2','2','\'2023-09-09 02:15:18\'','\'2024-01-21 00:54:25\''),('26','3','\'PayPal\'','\'USD\'','\'paypal.png\'','X\'2d\'','X\'2d\'','X\'\'','1','NULL','NULL','NULL','NULL','2','2','\'2023-09-09 02:15:18\'','\'2024-01-17 22:27:21\''),('27','3','\'MyFatoorah\'','\'KWT\'','\'myfatoorah.png\'','X\'2d\'','X\'2d\'','X\'\'','1','NULL','NULL','NULL','NULL','1','1','\'2023-09-09 02:15:18\'','\'2023-12-20 09:40:19\''),('28','3','\'toyyibpay\'','\'RM\'','\'toyyibpay.png\'','X\'2d\'','X\'2d\'','X\'\'','1','NULL','NULL','NULL','NULL','2','1','\'2023-09-09 02:15:18\'','\'2023-12-23 01:24:36\''),('29','4','\'COD\'','\'\'','\'cod.png\'','X\'2d\'','X\'2d\'','X\'2d\'','1','NULL','NULL','NULL','NULL','1','1','\'2023-09-12 16:30:50\'','\'2024-01-31 00:01:50\''),('30','4','\'RazorPay\'','\'INR\'','\'razorpay.png\'','X\'2d\'','X\'2d\'','X\'\'','1','NULL','NULL','NULL','NULL','2','2','\'2023-09-12 16:30:50\'','\'2024-01-17 22:27:10\''),('31','4','\'Stripe\'','\'USD\'','\'stripe.png\'','X\'2d\'','X\'2d\'','X\'\'','1','NULL','NULL','NULL','NULL','2','2','\'2023-09-12 16:30:50\'','\'2024-01-17 22:27:13\''),('32','4','\'Flutterwave\'','\'NGN\'','\'flutterwave.png\'','X\'2d\'','X\'2d\'','X\'2d\'','1','NULL','NULL','NULL','NULL','2','2','\'2023-09-12 16:30:50\'','\'2024-01-17 22:27:17\''),('33','4','\'Paystack\'','\'GHS\'','\'paystack.png\'','X\'2d\'','X\'2d\'','X\'\'','1','NULL','NULL','NULL','NULL','2','1','\'2023-09-12 16:30:50\'','\'2023-12-26 03:03:08\''),('34','4','\'Mercadopago\'','\'R$\'','\'mercadopago.png\'','X\'2d\'','X\'2d\'','X\'\'','1','NULL','NULL','NULL','NULL','2','2','\'2023-09-12 16:30:50\'','\'2024-01-21 00:54:25\''),('35','4','\'PayPal\'','\'USD\'','\'paypal.png\'','X\'2d\'','X\'2d\'','X\'\'','1','NULL','NULL','NULL','NULL','2','2','\'2023-09-12 16:30:50\'','\'2024-01-17 22:27:21\''),('36','4','\'MyFatoorah\'','\'KWT\'','\'myfatoorah.png\'','X\'2d\'','X\'2d\'','X\'\'','1','NULL','NULL','NULL','NULL','2','1','\'2023-09-12 16:30:50\'','\'2023-09-12 12:32:54\''),('37','4','\'toyyibpay\'','\'RM\'','\'toyyibpay.png\'','X\'2d\'','X\'2d\'','X\'\'','1','NULL','NULL','NULL','NULL','2','1','\'2023-09-12 16:30:50\'','\'2023-12-23 01:24:36\''),('38','5','\'COD\'','\'\'','\'payment-6578b0a93cfa4.png\'','X\'2d\'','X\'2d\'','X\'\'','1','NULL','NULL','NULL','NULL','1','1','\'2023-09-12 23:01:09\'','\'2024-01-31 00:01:50\''),('39','5','\'RazorPay\'','\'INR\'','\'razorpay.png\'','X\'2d\'','X\'2d\'','X\'\'','1','NULL','NULL','NULL','NULL','1','2','\'2023-09-12 23:01:09\'','\'2024-01-17 22:27:10\''),('40','5','\'Stripe\'','\'USD\'','\'stripe.png\'','X\'2d\'','X\'2d\'','X\'\'','1','NULL','NULL','NULL','NULL','1','2','\'2023-09-12 23:01:09\'','\'2024-01-17 22:27:13\''),('41','5','\'Flutterwave\'','\'NGN\'','\'flutterwave.png\'','X\'2d\'','X\'2d\'','X\'2d\'','1','NULL','NULL','NULL','NULL','1','2','\'2023-09-12 23:01:09\'','\'2024-01-17 22:27:17\''),('42','5','\'Paystack\'','\'GHS\'','\'paystack.png\'','X\'2d\'','X\'2d\'','X\'\'','1','NULL','NULL','NULL','NULL','2','1','\'2023-09-12 23:01:09\'','\'2024-01-21 00:54:47\''),('43','5','\'Mercadopago\'','\'R$\'','\'mercadopago.png\'','X\'2d\'','X\'2d\'','X\'\'','1','NULL','NULL','NULL','NULL','1','2','\'2023-09-12 23:01:09\'','\'2024-01-21 00:54:25\''),('44','5','\'PayPal\'','\'USD\'','\'paypal.png\'','X\'2d\'','X\'2d\'','X\'\'','1','NULL','NULL','NULL','NULL','1','2','\'2023-09-12 23:01:09\'','\'2024-01-17 22:27:21\''),('45','5','\'MyFatoorah\'','\'KWT\'','\'payment-6578b099d0a68.png\'','X\'2d\'','X\'724c7474364a5776625548444468735a6e6670416870596b3464785944516b626350547947614b70325459715167473746475a3554685f574435334f713845627a364135336e6a556f6f317733706a5531443476735f5a4d7146697a5f6a307572625f4248394f7139565a6f4b466f4a45444162525a6570476351616e496d7959727279374b74364d6e4d64676647356a6e34486e67576f52644b64754e4e7950346b7a6370336d52763778303061686b6d394c414b375a52696567376b315044416e42494f4733457956534a356b4b34574c4d7659723773437748624863753441355777656c78594b30474d4a793337624e416172534a444651734a325a764a6a764d446d6657774456464556655f35744f6f6d66564e7436624f67396d657862476a4d726e48426e4b6e5a52317651624274516965446c5165707a545a4d75517253754b6e2d7435585a4d375636664357376f502d755847582d734d4f616a655836354a4f66365856706b3239445036726f38575441666c4344414e43313933796f66382d66355f4559592d336858684a6a375242586d697a44706e654551445361537a3573466b3073563571506341524a397a474737337675474679656e6a50506d744474587470783335412d4256634f53425956495765396b6e6447336e636c6665666a4b45755a336d346a4c3947673168324a42766d58534d59695a7470394d5235493670766276796c555f505035784a46536a5654497a374951536a6356474f34316e706e77497852584e5278464f644955486e30746a512d374c7776456354587950734858634d443857746742682d77785238614b58375750537354314f386438726562326152374b33726b56334b38324b5f304f676177496d457077537670394d4e4b796e45414a5153365a48655f4a5f6c37373635327877504e784d52544d41536b315a734a4c\'','X\'\'','1','NULL','NULL','NULL','NULL','2','1','\'2023-09-12 23:01:09\'','\'2024-01-21 00:54:50\''),('46','5','\'toyyibpay\'','\'RM\'','\'toyyibpay.png\'','X\'2d\'','X\'2d\'','X\'\'','1','NULL','NULL','NULL','NULL','1','1','\'2023-09-12 23:01:09\'','\'2023-12-23 01:24:36\''),('47','18','\'COD\'','\'\'','\'cod.png\'','X\'2d\'','X\'2d\'','X\'2d\'','1','NULL','NULL','NULL','NULL','1','1','\'2023-12-14 05:52:03\'','\'2024-01-31 00:01:50\''),('48','18','\'RazorPay\'','\'INR\'','\'razorpay.png\'','X\'2d\'','X\'2d\'','X\'2d\'','1','NULL','NULL','NULL','NULL','1','2','\'2023-12-14 05:52:03\'','\'2024-01-17 22:27:10\''),('49','18','\'Stripe\'','\'USD\'','\'stripe.png\'','X\'2d\'','X\'2d\'','X\'2d\'','1','NULL','NULL','NULL','NULL','1','2','\'2023-12-14 05:52:03\'','\'2024-01-17 22:27:13\''),('50','18','\'Flutterwave\'','\'NGN\'','\'flutterwave.png\'','X\'2d\'','X\'2d\'','X\'2d\'','1','NULL','NULL','NULL','NULL','1','2','\'2023-12-14 05:52:03\'','\'2024-01-17 22:27:17\''),('51','18','\'Paystack\'','\'GHS\'','\'paystack.png\'','X\'2d\'','X\'2d\'','X\'2d\'','1','NULL','NULL','NULL','NULL','1','1','\'2023-12-14 05:52:03\'','\'2023-12-26 03:03:08\''),('52','18','\'Mercadopago\'','\'R$\'','\'mercadopago.png\'','X\'2d\'','X\'2d\'','X\'2d\'','1','NULL','NULL','NULL','NULL','1','2','\'2023-12-14 05:52:03\'','\'2024-01-21 00:54:25\''),('53','18','\'PayPal\'','\'USD\'','\'paypal.png\'','X\'2d\'','X\'2d\'','X\'2d\'','1','NULL','NULL','NULL','NULL','1','2','\'2023-12-14 05:52:03\'','\'2024-01-17 22:27:21\''),('54','18','\'MyFatoorah\'','\'KWT\'','\'myfatoorah.png\'','X\'2d\'','X\'2d\'','X\'2d\'','1','NULL','NULL','NULL','NULL','1','1','\'2023-12-14 05:52:03\'','\'2023-12-14 05:52:03\''),('55','18','\'toyyibpay\'','\'RM\'','\'toyyibpay.png\'','X\'2d\'','X\'2d\'','X\'2d\'','1','NULL','NULL','NULL','NULL','1','1','\'2023-12-14 05:52:03\'','\'2023-12-23 01:24:36\''),('56','19','\'COD\'','\'\'','\'cod.png\'','X\'2d\'','X\'2d\'','X\'2d\'','1','NULL','NULL','NULL','NULL','1','1','\'2023-12-19 22:37:33\'','\'2024-01-31 00:01:50\''),('57','19','\'RazorPay\'','\'INR\'','\'razorpay.png\'','X\'2d\'','X\'2d\'','X\'2d\'','1','NULL','NULL','NULL','NULL','1','2','\'2023-12-19 22:37:33\'','\'2024-01-17 22:27:10\''),('58','19','\'Stripe\'','\'USD\'','\'stripe.png\'','X\'2d\'','X\'2d\'','X\'2d\'','1','NULL','NULL','NULL','NULL','1','2','\'2023-12-19 22:37:33\'','\'2024-01-17 22:27:13\''),('59','19','\'Flutterwave\'','\'NGN\'','\'flutterwave.png\'','X\'2d\'','X\'2d\'','X\'2d\'','1','NULL','NULL','NULL','NULL','1','2','\'2023-12-19 22:37:33\'','\'2024-01-17 22:27:17\''),('60','19','\'Paystack\'','\'GHS\'','\'paystack.png\'','X\'2d\'','X\'2d\'','X\'2d\'','1','NULL','NULL','NULL','NULL','1','1','\'2023-12-19 22:37:33\'','\'2023-12-26 03:03:08\''),('61','19','\'Mercadopago\'','\'R$\'','\'mercadopago.png\'','X\'2d\'','X\'2d\'','X\'2d\'','1','NULL','NULL','NULL','NULL','1','2','\'2023-12-19 22:37:33\'','\'2024-01-21 00:54:25\''),('62','19','\'PayPal\'','\'USD\'','\'paypal.png\'','X\'2d\'','X\'2d\'','X\'2d\'','1','NULL','NULL','NULL','NULL','1','2','\'2023-12-19 22:37:33\'','\'2024-01-17 22:27:21\''),('63','19','\'MyFatoorah\'','\'KWT\'','\'myfatoorah.png\'','X\'2d\'','X\'2d\'','X\'2d\'','1','NULL','NULL','NULL','NULL','1','1','\'2023-12-19 22:37:33\'','\'2023-12-19 22:37:33\''),('64','19','\'toyyibpay\'','\'RM\'','\'toyyibpay.png\'','X\'2d\'','X\'2d\'','X\'2d\'','1','NULL','NULL','NULL','NULL','1','1','\'2023-12-19 22:37:33\'','\'2023-12-23 01:24:36\''),('65','20','\'COD\'','\'\'','\'cod.png\'','X\'2d\'','X\'2d\'','X\'2d\'','1','NULL','NULL','NULL','NULL','1','1','\'2023-12-20 06:35:38\'','\'2024-01-31 00:01:50\''),('66','20','\'RazorPay\'','\'INR\'','\'razorpay.png\'','X\'2d\'','X\'2d\'','X\'2d\'','1','NULL','NULL','NULL','NULL','1','2','\'2023-12-20 06:35:38\'','\'2024-01-17 22:27:10\''),('67','20','\'Stripe\'','\'USD\'','\'stripe.png\'','X\'2d\'','X\'2d\'','X\'2d\'','1','NULL','NULL','NULL','NULL','1','2','\'2023-12-20 06:35:38\'','\'2024-01-17 22:27:13\''),('68','20','\'Flutterwave\'','\'NGN\'','\'flutterwave.png\'','X\'2d\'','X\'2d\'','X\'2d\'','1','NULL','NULL','NULL','NULL','1','2','\'2023-12-20 06:35:38\'','\'2024-01-17 22:27:17\''),('69','20','\'Paystack\'','\'GHS\'','\'paystack.png\'','X\'2d\'','X\'2d\'','X\'2d\'','1','NULL','NULL','NULL','NULL','1','1','\'2023-12-20 06:35:38\'','\'2023-12-26 03:03:08\''),('70','20','\'Mercadopago\'','\'R$\'','\'mercadopago.png\'','X\'2d\'','X\'2d\'','X\'2d\'','1','NULL','NULL','NULL','NULL','1','2','\'2023-12-20 06:35:38\'','\'2024-01-21 00:54:25\''),('71','20','\'PayPal\'','\'USD\'','\'paypal.png\'','X\'2d\'','X\'2d\'','X\'2d\'','1','NULL','NULL','NULL','NULL','1','2','\'2023-12-20 06:35:38\'','\'2024-01-17 22:27:21\''),('72','20','\'MyFatoorah\'','\'KWT\'','\'myfatoorah.png\'','X\'2d\'','X\'2d\'','X\'2d\'','1','NULL','NULL','NULL','NULL','1','1','\'2023-12-20 06:35:38\'','\'2023-12-20 06:35:38\''),('73','20','\'toyyibpay\'','\'RM\'','\'toyyibpay.png\'','X\'2d\'','X\'2d\'','X\'2d\'','1','NULL','NULL','NULL','NULL','1','1','\'2023-12-20 06:35:38\'','\'2023-12-23 01:24:36\''),('74','21','\'COD\'','\'\'','\'cod.png\'','X\'2d\'','X\'2d\'','X\'2d\'','1','NULL','NULL','NULL','NULL','1','1','\'2023-12-23 02:08:25\'','\'2024-01-31 00:01:50\''),('75','21','\'RazorPay\'','\'INR\'','\'razorpay.png\'','X\'2d\'','X\'2d\'','X\'2d\'','1','NULL','NULL','NULL','NULL','1','2','\'2023-12-23 02:08:25\'','\'2024-01-17 22:27:10\''),('76','21','\'Stripe\'','\'USD\'','\'stripe.png\'','X\'2d\'','X\'2d\'','X\'2d\'','1','NULL','NULL','NULL','NULL','1','2','\'2023-12-23 02:08:25\'','\'2024-01-17 22:27:13\''),('77','21','\'Flutterwave\'','\'NGN\'','\'flutterwave.png\'','X\'2d\'','X\'2d\'','X\'2d\'','1','NULL','NULL','NULL','NULL','1','2','\'2023-12-23 02:08:25\'','\'2024-01-17 22:27:17\''),('78','21','\'Paystack\'','\'GHS\'','\'paystack.png\'','X\'2d\'','X\'2d\'','X\'2d\'','1','NULL','NULL','NULL','NULL','1','1','\'2023-12-23 02:08:25\'','\'2023-12-26 03:03:08\''),('79','21','\'Mercadopago\'','\'R$\'','\'mercadopago.png\'','X\'2d\'','X\'2d\'','X\'2d\'','1','NULL','NULL','NULL','NULL','1','2','\'2023-12-23 02:08:25\'','\'2024-01-21 00:54:25\''),('80','21','\'PayPal\'','\'USD\'','\'paypal.png\'','X\'2d\'','X\'2d\'','X\'2d\'','1','NULL','NULL','NULL','NULL','1','2','\'2023-12-23 02:08:25\'','\'2024-01-17 22:27:21\''),('81','21','\'MyFatoorah\'','\'KWT\'','\'myfatoorah.png\'','X\'2d\'','X\'2d\'','X\'2d\'','1','NULL','NULL','NULL','NULL','1','1','\'2023-12-23 02:08:25\'','\'2023-12-23 02:08:25\''),('82','21','\'toyyibpay\'','\'RM\'','\'toyyibpay.png\'','X\'2d\'','X\'2d\'','X\'2d\'','1','NULL','NULL','NULL','NULL','1','1','\'2023-12-23 02:08:25\'','\'2023-12-23 01:24:36\''),('83','22','\'COD\'','\'\'','\'cod.png\'','X\'2d\'','X\'2d\'','X\'2d\'','1','NULL','NULL','NULL','NULL','1','1','\'2023-12-28 03:07:06\'','\'2024-01-31 00:01:50\''),('84','22','\'RazorPay\'','\'INR\'','\'razorpay.png\'','X\'2d\'','X\'2d\'','X\'2d\'','1','NULL','NULL','NULL','NULL','1','2','\'2023-12-28 03:07:06\'','\'2024-01-17 22:27:10\''),('85','22','\'Stripe\'','\'USD\'','\'stripe.png\'','X\'2d\'','X\'2d\'','X\'2d\'','1','NULL','NULL','NULL','NULL','1','2','\'2023-12-28 03:07:06\'','\'2024-01-17 22:27:13\''),('86','22','\'Flutterwave\'','\'NGN\'','\'flutterwave.png\'','X\'2d\'','X\'2d\'','X\'2d\'','1','NULL','NULL','NULL','NULL','1','2','\'2023-12-28 03:07:06\'','\'2024-01-17 22:27:17\''),('87','22','\'Paystack\'','\'GHS\'','\'paystack.png\'','X\'2d\'','X\'2d\'','X\'2d\'','1','NULL','NULL','NULL','NULL','1','1','\'2023-12-28 03:07:06\'','\'2023-12-28 03:07:06\''),('88','22','\'Mercadopago\'','\'R$\'','\'mercadopago.png\'','X\'2d\'','X\'2d\'','X\'2d\'','1','NULL','NULL','NULL','NULL','1','2','\'2023-12-28 03:07:06\'','\'2024-01-21 00:54:25\''),('89','22','\'PayPal\'','\'USD\'','\'paypal.png\'','X\'2d\'','X\'2d\'','X\'2d\'','1','NULL','NULL','NULL','NULL','1','2','\'2023-12-28 03:07:06\'','\'2024-01-17 22:27:21\''),('90','22','\'MyFatoorah\'','\'KWT\'','\'myfatoorah.png\'','X\'2d\'','X\'2d\'','X\'2d\'','1','NULL','NULL','NULL','NULL','1','1','\'2023-12-28 03:07:06\'','\'2023-12-28 03:07:06\''),('91','22','\'toyyibpay\'','\'RM\'','\'toyyibpay.png\'','X\'2d\'','X\'2d\'','X\'2d\'','1','NULL','NULL','NULL','NULL','1','1','\'2023-12-28 03:07:06\'','\'2023-12-28 03:07:06\'');

INSERT INTO permissions(id,name,page,action,guard_name,created_at,updated_at) VALUES('38','\'apps view\'','\'apps\'','\'view\'','\'web\'','\'2023-10-03 12:37:43\'','\'2023-10-03 12:37:43\''),('39','\'settings view\'','\'settings\'','\'view\'','\'web\'','\'2023-10-03 12:37:43\'','\'2023-10-03 12:37:43\''),('40','\'administrators view\'','\'administrators\'','\'view\'','\'web\'','\'2023-10-03 12:37:43\'','\'2023-10-03 12:37:43\''),('41','\'plan view\'','\'plan\'','\'view\'','\'web\'','\'2023-10-03 12:37:43\'','\'2023-10-03 12:37:43\''),('42','\'payment view\'','\'payment\'','\'view\'','\'web\'','\'2023-10-03 12:37:43\'','\'2023-10-03 12:37:43\''),('43','\'inquiries view\'','\'inquiries\'','\'view\'','\'web\'','\'2023-10-03 12:37:43\'','\'2023-10-03 12:37:43\''),('44','\'subscribers view\'','\'subscribers\'','\'view\'','\'web\'','\'2023-10-03 12:37:43\'','\'2023-10-03 12:37:43\''),('45','\'privacy-policy view\'','\'privacy-policy\'','\'view\'','\'web\'','\'2023-10-03 12:37:43\'','\'2023-10-03 12:37:43\''),('46','\'refund-policy view\'','\'refund-policy\'','\'view\'','\'web\'','\'2023-10-03 12:37:43\'','\'2023-10-03 12:37:43\''),('47','\'terms-conditions view\'','\'terms-conditions\'','\'view\'','\'web\'','\'2023-10-03 12:37:43\'','\'2023-10-03 12:37:43\''),('48','\'aboutus view\'','\'aboutus\'','\'view\'','\'web\'','\'2023-10-03 12:37:43\'','\'2023-10-03 12:37:43\''),('49','\'users view\'','\'users\'','\'view\'','\'web\'','\'2023-10-03 12:37:43\'','\'2023-10-03 12:37:43\''),('50','\'faqs view\'','\'faqs\'','\'view\'','\'web\'','\'2023-10-03 12:37:43\'','\'2023-10-03 12:37:43\''),('51','\'features view\'','\'features\'','\'view\'','\'web\'','\'2023-10-03 12:37:43\'','\'2023-10-03 12:37:43\''),('52','\'testimonials view\'','\'testimonials\'','\'view\'','\'web\'','\'2023-10-03 12:37:43\'','\'2023-10-03 12:37:43\''),('53','\'cities view\'','\'cities\'','\'view\'','\'web\'','\'2023-10-03 12:37:43\'','\'2023-10-03 12:37:43\''),('54','\'areas view\'','\'areas\'','\'view\'','\'web\'','\'2023-10-03 12:37:43\'','\'2023-10-03 12:37:43\''),('55','\'promotionalbanners view\'','\'promotionalbanners\'','\'view\'','\'web\'','\'2023-10-03 12:37:43\'','\'2023-10-03 12:37:43\''),('56','\'language-settings view\'','\'language-settings\'','\'view\'','\'web\'','\'2023-10-03 12:37:43\'','\'2023-10-03 12:37:43\''),('57','\'custom_domain view\'','\'custom_domain\'','\'view\'','\'web\'','\'2023-10-03 12:37:43\'','\'2023-10-03 12:37:43\''),('58','\'blogs view\'','\'blogs\'','\'view\'','\'web\'','\'2023-10-03 12:37:43\'','\'2023-10-03 12:37:43\'');

INSERT INTO personal_access_tokens(id,tokenable_type,tokenable_id,name,token,abilities,last_used_at,created_at,updated_at,expires_at) VALUES('1','\'App\\\\Models\\\\User\'','1','\'admin@gmail.com\'','\'6a5d8b99e3dce8adb2f28c7645896b249ac9eb5b7351c1470e35d362e2eed02f\'','X\'5b222a225d\'','NULL','\'2024-03-26 01:17:37\'','\'2024-03-26 01:17:37\'','NULL'),('2','\'App\\\\Models\\\\User\'','1','\'admin@gmail.com\'','\'0941507ba6ffbce4d7e5f308a10094f12421d35842dcd936535af41597de5565\'','X\'5b222a225d\'','\'2024-03-26 01:29:51\'','\'2024-03-26 01:17:45\'','\'2024-03-26 01:29:51\'','NULL'),('3','\'App\\\\Models\\\\User\'','1','\'admin@gmail.com\'','\'c5fdbed92b79061ccbf8b5a019270c5163711de31825c5586160174b54079aae\'','X\'5b222a225d\'','\'2024-03-26 01:35:00\'','\'2024-03-26 01:29:46\'','\'2024-03-26 01:35:00\'','NULL'),('4','\'App\\\\Models\\\\User\'','1','\'admin@gmail.com\'','\'92d2d8b5cb1e61543c8b47b3f416424f4783c1bc6268569874a8f112c41130e0\'','X\'5b222a225d\'','\'2024-04-11 14:46:14\'','\'2024-03-31 20:57:11\'','\'2024-04-11 14:46:14\'','NULL'),('5','\'App\\\\Models\\\\User\'','1','\'admin@gmail.com\'','\'27630fdb8966d4c6e4dc6692fef6dd4eaecb41fe4df63440bfcbe5491f800a0a\'','X\'5b222a225d\'','\'2024-04-11 16:49:00\'','\'2024-04-11 15:11:51\'','\'2024-04-11 16:49:00\'','NULL'),('6','\'App\\\\Models\\\\User\'','1','\'admin@gmail.com\'','\'5241f11bb9cff0519c057987dcf6fc2181c55c9a4ad00d39aa59fe4c1bd65677\'','X\'5b222a225d\'','NULL','\'2024-04-11 16:59:32\'','\'2024-04-11 16:59:32\'','NULL'),('7','\'App\\\\Models\\\\User\'','5','\'2no@gmail.com\'','\'930e76fb2bd6ccc4665ab8f1481d866692f4173aec8d9319952a307ff6c85797\'','X\'5b222a225d\'','NULL','\'2024-04-11 18:20:39\'','\'2024-04-11 18:20:39\'','NULL'),('8','\'App\\\\Models\\\\User\'','5','\'2no@gmail.com\'','\'7170e4760765f130b54eb6f1ea9d796f133f8cd0dd384d2e82dda9c807976872\'','X\'5b222a225d\'','NULL','\'2024-04-12 13:32:16\'','\'2024-04-12 13:32:16\'','NULL'),('9','\'App\\\\Models\\\\User\'','5','\'2no@gmail.com\'','\'1d19c80abe7cd65dec26504b005c8cc482129a2dc741277b4a8a7e430f6be886\'','X\'5b222a225d\'','NULL','\'2024-04-12 14:34:31\'','\'2024-04-12 14:34:31\'','NULL'),('10','\'App\\\\Models\\\\User\'','5','\'2no@gmail.com\'','\'dd89c21afa5256c637705d1c50eecf9567bbf2733b7fd3091848d334f1082fa1\'','X\'5b222a225d\'','NULL','\'2024-04-12 15:56:56\'','\'2024-04-12 15:56:56\'','NULL'),('11','\'App\\\\Models\\\\User\'','5','\'2no@gmail.com\'','\'385f154844a07ba15a325ee1f59ec7739219b9612e49964f04bd0ce1d0f5aea6\'','X\'5b222a225d\'','NULL','\'2024-04-12 16:35:44\'','\'2024-04-12 16:35:44\'','NULL'),('12','\'App\\\\Models\\\\User\'','5','\'2no@gmail.com\'','\'71b852eef5377760832d333a13579994f34b2fca9faf5ce6e896cfb91377c480\'','X\'5b222a225d\'','NULL','\'2024-04-12 16:40:10\'','\'2024-04-12 16:40:10\'','NULL'),('13','\'App\\\\Models\\\\User\'','5','\'2no@gmail.com\'','\'105ffa9829feed489f8ea443153de093412c0c79ca606fbfb913f7472531130f\'','X\'5b222a225d\'','NULL','\'2024-04-12 16:40:44\'','\'2024-04-12 16:40:44\'','NULL'),('14','\'App\\\\Models\\\\User\'','5','\'2no@gmail.com\'','\'21059bd70764f236595ff21120a3c08759c82f30ceb26d0fb70e24bb4f71fa5f\'','X\'5b222a225d\'','NULL','\'2024-04-12 16:41:02\'','\'2024-04-12 16:41:02\'','NULL'),('15','\'App\\\\Models\\\\User\'','5','\'2no@gmail.com\'','\'b4953887705c20b87020d4a7b5c1528fb4fcfda37bcf34cdfa746d0583cc1b19\'','X\'5b222a225d\'','NULL','\'2024-04-12 16:41:10\'','\'2024-04-12 16:41:10\'','NULL'),('16','\'App\\\\Models\\\\User\'','5','\'2no@gmail.com\'','\'8d2109b1bc3262d82241ba48100ab6f4a94e47ad9e0dfc4a5100daeb9a428404\'','X\'5b222a225d\'','NULL','\'2024-04-12 17:21:58\'','\'2024-04-12 17:21:58\'','NULL'),('17','\'App\\\\Models\\\\User\'','5','\'2no@gmail.com\'','\'022fdd6fb1d836b584bf0471ab2dbc8181c1be5307694f199b938aea4b0800fd\'','X\'5b222a225d\'','NULL','\'2024-04-12 18:36:48\'','\'2024-04-12 18:36:48\'','NULL'),('18','\'App\\\\Models\\\\User\'','5','\'2no@gmail.com\'','\'476c7235569093106fc36fa95c4bf641207b94a046bd984cbb6b93cfb98b4dfa\'','X\'5b222a225d\'','\'2024-04-12 23:26:33\'','\'2024-04-12 18:39:17\'','\'2024-04-12 23:26:33\'','NULL');

INSERT INTO plans(id,name,description,features,price,themes_id,plan_type,duration,days,order_limit,appointment_limit,custom_domain,google_analytics,coupons,blogs,social_logins,sound_notification,whatsapp_message,telegram_message,pos,tableqr,vendor_app,is_available,created_at,updated_at) VALUES('1','X\'617364\'','X\'61736666626473636164\'','\'one|two\'','10','\'1,3\'','2','\'\'','30','15','-1','2','2','1','2','2','2','2','2','2','2','2','2','\'2023-09-11 12:15:53\'','\'2023-12-20 03:07:25\'');

INSERT INTO privacypolicy(id,vendor_id,privacypolicy_content,created_at,updated_at) VALUES('1','1','X\'3c703e3c6269673e3c7374726f6e673e5072697661637920506f6c6963793c2f7374726f6e673e3c2f6269673e3c2f703e0d0a0d0a3c703e266e6273703b3c2f703e0d0a0d0a3c703e2671756f743b5365642075742070657273706963696174697320756e6465206f6d6e69732069737465206e61747573206572726f722073697420766f6c7570746174656d206163637573616e7469756d20646f6c6f72656d717565206c617564616e7469756d2c20746f74616d2072656d206170657269616d2c2065617175652069707361207175616520616220696c6c6f20696e76656e746f726520766572697461746973206574207175617369206172636869746563746f206265617461652076697461652064696374612073756e74206578706c696361626f2e204e656d6f20656e696d20697073616d20766f6c7570746174656d207175696120766f6c7570746173207369742061737065726e6174757220617574206f646974206175742066756769742c20736564207175696120636f6e73657175756e747572206d61676e6920646f6c6f72657320656f732071756920726174696f6e6520766f6c7570746174656d207365717569206e65736369756e742e204e6571756520706f72726f20717569737175616d206573742c2071756920646f6c6f72656d20697073756d207175696120646f6c6f722073697420616d65742c20636f6e73656374657475722c2061646970697363692076656c69742c207365642071756961206e6f6e206e756d7175616d2065697573206d6f64692074656d706f726120696e636964756e74207574206c61626f726520657420646f6c6f7265206d61676e616d20616c697175616d207175616572617420766f6c7570746174656d2e20557420656e696d206164206d696e696d612076656e69616d2c2071756973206e6f737472756d20657865726369746174696f6e656d20756c6c616d20636f72706f726973207375736369706974206c61626f72696f73616d2c206e69736920757420616c697175696420657820656120636f6d6d6f646920636f6e73657175617475723f205175697320617574656d2076656c2065756d206975726520726570726568656e64657269742071756920696e20656120766f6c7570746174652076656c69742065737365207175616d206e6968696c206d6f6c65737469616520636f6e73657175617475722c2076656c20696c6c756d2071756920646f6c6f72656d2065756d206675676961742071756f20766f6c7570746173206e756c6c612070617269617475723f2671756f743b3c2f703e0d0a0d0a3c703e266e6273703b3c2f703e0d0a0d0a3c703e2671756f743b5365642075742070657273706963696174697320756e6465206f6d6e69732069737465206e61747573206572726f722073697420766f6c7570746174656d206163637573616e7469756d20646f6c6f72656d717565206c617564616e7469756d2c20746f74616d2072656d206170657269616d2c2065617175652069707361207175616520616220696c6c6f20696e76656e746f726520766572697461746973206574207175617369206172636869746563746f206265617461652076697461652064696374612073756e74206578706c696361626f2e204e656d6f20656e696d20697073616d20766f6c7570746174656d207175696120766f6c7570746173207369742061737065726e6174757220617574206f646974206175742066756769742c20736564207175696120636f6e73657175756e747572206d61676e6920646f6c6f72657320656f732071756920726174696f6e6520766f6c7570746174656d207365717569206e65736369756e742e204e6571756520706f72726f20717569737175616d206573742c2071756920646f6c6f72656d20697073756d207175696120646f6c6f722073697420616d65742c20636f6e73656374657475722c2061646970697363692076656c69742c207365642071756961206e6f6e206e756d7175616d2065697573206d6f64692074656d706f726120696e636964756e74207574206c61626f726520657420646f6c6f7265206d61676e616d20616c697175616d207175616572617420766f6c7570746174656d2e20557420656e696d206164206d696e696d612076656e69616d2c2071756973206e6f737472756d20657865726369746174696f6e656d20756c6c616d20636f72706f726973207375736369706974206c61626f72696f73616d2c206e69736920757420616c697175696420657820656120636f6d6d6f646920636f6e73657175617475723f205175697320617574656d2076656c2065756d206975726520726570726568656e64657269742071756920696e20656120766f6c7570746174652076656c69742065737365207175616d206e6968696c206d6f6c65737469616520636f6e73657175617475722c2076656c20696c6c756d2071756920646f6c6f72656d2065756d206675676961742071756f20766f6c7570746173206e756c6c612070617269617475723f2671756f743b3c2f703e0d0a0d0a3c703e266e6273703b3c2f703e0d0a0d0a3c703e2671756f743b5365642075742070657273706963696174697320756e6465206f6d6e69732069737465206e61747573206572726f722073697420766f6c7570746174656d206163637573616e7469756d20646f6c6f72656d717565206c617564616e7469756d2c20746f74616d2072656d206170657269616d2c2065617175652069707361207175616520616220696c6c6f20696e76656e746f726520766572697461746973206574207175617369206172636869746563746f206265617461652076697461652064696374612073756e74206578706c696361626f2e204e656d6f20656e696d20697073616d20766f6c7570746174656d207175696120766f6c7570746173207369742061737065726e6174757220617574206f646974206175742066756769742c20736564207175696120636f6e73657175756e747572206d61676e6920646f6c6f72657320656f732071756920726174696f6e6520766f6c7570746174656d207365717569206e65736369756e742e204e6571756520706f72726f20717569737175616d206573742c2071756920646f6c6f72656d20697073756d207175696120646f6c6f722073697420616d65742c20636f6e73656374657475722c2061646970697363692076656c69742c207365642071756961206e6f6e206e756d7175616d2065697573206d6f64692074656d706f726120696e636964756e74207574206c61626f726520657420646f6c6f7265206d61676e616d20616c697175616d207175616572617420766f6c7570746174656d2e20557420656e696d206164206d696e696d612076656e69616d2c2071756973206e6f737472756d20657865726369746174696f6e656d20756c6c616d20636f72706f726973207375736369706974206c61626f72696f73616d2c206e69736920757420616c697175696420657820656120636f6d6d6f646920636f6e73657175617475723f205175697320617574656d2076656c2065756d206975726520726570726568656e64657269742071756920696e20656120766f6c7570746174652076656c69742065737365207175616d206e6968696c206d6f6c65737469616520636f6e73657175617475722c2076656c20696c6c756d2071756920646f6c6f72656d2065756d206675676961742071756f20766f6c7570746173206e756c6c612070617269617475723f2671756f743b3c2f703e0d0a0d0a3c703e266e6273703b3c2f703e0d0a0d0a3c703e2671756f743b5365642075742070657273706963696174697320756e6465206f6d6e69732069737465206e61747573206572726f722073697420766f6c7570746174656d206163637573616e7469756d20646f6c6f72656d717565206c617564616e7469756d2c20746f74616d2072656d206170657269616d2c2065617175652069707361207175616520616220696c6c6f20696e76656e746f726520766572697461746973206574207175617369206172636869746563746f206265617461652076697461652064696374612073756e74206578706c696361626f2e204e656d6f20656e696d20697073616d20766f6c7570746174656d207175696120766f6c7570746173207369742061737065726e6174757220617574206f646974206175742066756769742c20736564207175696120636f6e73657175756e747572206d61676e6920646f6c6f72657320656f732071756920726174696f6e6520766f6c7570746174656d207365717569206e65736369756e742e204e6571756520706f72726f20717569737175616d206573742c2071756920646f6c6f72656d20697073756d207175696120646f6c6f722073697420616d65742c20636f6e73656374657475722c2061646970697363692076656c69742c207365642071756961206e6f6e206e756d7175616d2065697573206d6f64692074656d706f726120696e636964756e74207574206c61626f726520657420646f6c6f7265206d61676e616d20616c697175616d207175616572617420766f6c7570746174656d2e20557420656e696d206164206d696e696d612076656e69616d2c2071756973206e6f737472756d20657865726369746174696f6e656d20756c6c616d20636f72706f726973207375736369706974206c61626f72696f73616d2c206e69736920757420616c697175696420657820656120636f6d6d6f646920636f6e73657175617475723f205175697320617574656d2076656c2065756d206975726520726570726568656e64657269742071756920696e20656120766f6c7570746174652076656c69742065737365207175616d206e6968696c206d6f6c65737469616520636f6e73657175617475722c2076656c20696c6c756d2071756920646f6c6f72656d2065756d206675676961742071756f20766f6c7570746173206e756c6c612070617269617475723f2671756f743b3c2f703e0d0a0d0a3c703e266e6273703b3c2f703e0d0a0d0a3c703e2671756f743b5365642075742070657273706963696174697320756e6465206f6d6e69732069737465206e61747573206572726f722073697420766f6c7570746174656d206163637573616e7469756d20646f6c6f72656d717565206c617564616e7469756d2c20746f74616d2072656d206170657269616d2c2065617175652069707361207175616520616220696c6c6f20696e76656e746f726520766572697461746973206574207175617369206172636869746563746f206265617461652076697461652064696374612073756e74206578706c696361626f2e204e656d6f20656e696d20697073616d20766f6c7570746174656d207175696120766f6c7570746173207369742061737065726e6174757220617574206f646974206175742066756769742c20736564207175696120636f6e73657175756e747572206d61676e6920646f6c6f72657320656f732071756920726174696f6e6520766f6c7570746174656d207365717569206e65736369756e742e204e6571756520706f72726f20717569737175616d206573742c2071756920646f6c6f72656d20697073756d207175696120646f6c6f722073697420616d65742c20636f6e73656374657475722c2061646970697363692076656c69742c207365642071756961206e6f6e206e756d7175616d2065697573206d6f64692074656d706f726120696e636964756e74207574206c61626f726520657420646f6c6f7265206d61676e616d20616c697175616d207175616572617420766f6c7570746174656d2e20557420656e696d206164206d696e696d612076656e69616d2c2071756973206e6f737472756d20657865726369746174696f6e656d20756c6c616d20636f72706f726973207375736369706974206c61626f72696f73616d2c206e69736920757420616c697175696420657820656120636f6d6d6f646920636f6e73657175617475723f205175697320617574656d2076656c2065756d206975726520726570726568656e64657269742071756920696e20656120766f6c7570746174652076656c69742065737365207175616d206e6968696c206d6f6c65737469616520636f6e73657175617475722c2076656c20696c6c756d2071756920646f6c6f72656d2065756d206675676961742071756f20766f6c7570746173206e756c6c612070617269617475723f2671756f743b3c2f703e0d0a0d0a3c703e266e6273703b3c2f703e0d0a0d0a3c703e2671756f743b5365642075742070657273706963696174697320756e6465206f6d6e69732069737465206e61747573206572726f722073697420766f6c7570746174656d206163637573616e7469756d20646f6c6f72656d717565206c617564616e7469756d2c20746f74616d2072656d206170657269616d2c2065617175652069707361207175616520616220696c6c6f20696e76656e746f726520766572697461746973206574207175617369206172636869746563746f206265617461652076697461652064696374612073756e74206578706c696361626f2e204e656d6f20656e696d20697073616d20766f6c7570746174656d207175696120766f6c7570746173207369742061737065726e6174757220617574206f646974206175742066756769742c20736564207175696120636f6e73657175756e747572206d61676e6920646f6c6f72657320656f732071756920726174696f6e6520766f6c7570746174656d207365717569206e65736369756e742e204e6571756520706f72726f20717569737175616d206573742c2071756920646f6c6f72656d20697073756d207175696120646f6c6f722073697420616d65742c20636f6e73656374657475722c2061646970697363692076656c69742c207365642071756961206e6f6e206e756d7175616d2065697573206d6f64692074656d706f726120696e636964756e74207574206c61626f726520657420646f6c6f7265206d61676e616d20616c697175616d207175616572617420766f6c7570746174656d2e20557420656e696d206164206d696e696d612076656e69616d2c2071756973206e6f737472756d20657865726369746174696f6e656d20756c6c616d20636f72706f726973207375736369706974206c61626f72696f73616d2c206e69736920757420616c697175696420657820656120636f6d6d6f646920636f6e73657175617475723f205175697320617574656d2076656c2065756d206975726520726570726568656e64657269742071756920696e20656120766f6c7570746174652076656c69742065737365207175616d206e6968696c206d6f6c65737469616520636f6e73657175617475722c2076656c20696c6c756d2071756920646f6c6f72656d2065756d206675676961742071756f20766f6c7570746173206e756c6c612070617269617475723f2671756f743b3c2f703e0d0a0d0a3c703e266e6273703b3c2f703e0d0a0d0a3c703e2671756f743b5365642075742070657273706963696174697320756e6465206f6d6e69732069737465206e61747573206572726f722073697420766f6c7570746174656d206163637573616e7469756d20646f6c6f72656d717565206c617564616e7469756d2c20746f74616d2072656d206170657269616d2c2065617175652069707361207175616520616220696c6c6f20696e76656e746f726520766572697461746973206574207175617369206172636869746563746f206265617461652076697461652064696374612073756e74206578706c696361626f2e204e656d6f20656e696d20697073616d20766f6c7570746174656d207175696120766f6c7570746173207369742061737065726e6174757220617574206f646974206175742066756769742c20736564207175696120636f6e73657175756e747572206d61676e6920646f6c6f72657320656f732071756920726174696f6e6520766f6c7570746174656d207365717569206e65736369756e742e204e6571756520706f72726f20717569737175616d206573742c2071756920646f6c6f72656d20697073756d207175696120646f6c6f722073697420616d65742c20636f6e73656374657475722c2061646970697363692076656c69742c207365642071756961206e6f6e206e756d7175616d2065697573206d6f64692074656d706f726120696e636964756e74207574206c61626f726520657420646f6c6f7265206d61676e616d20616c697175616d207175616572617420766f6c7570746174656d2e20557420656e696d206164206d696e696d612076656e69616d2c2071756973206e6f737472756d20657865726369746174696f6e656d20756c6c616d20636f72706f726973207375736369706974206c61626f72696f73616d2c206e69736920757420616c697175696420657820656120636f6d6d6f646920636f6e73657175617475723f205175697320617574656d2076656c2065756d206975726520726570726568656e64657269742071756920696e20656120766f6c7570746174652076656c69742065737365207175616d206e6968696c206d6f6c65737469616520636f6e73657175617475722c2076656c20696c6c756d2071756920646f6c6f72656d2065756d206675676961742071756f20766f6c7570746173206e756c6c612070617269617475723f2671756f743b3c2f703e\'','\'2023-07-25 05:45:14\'','\'2023-07-25 05:45:14\'');

INSERT INTO promotionalbanner(id,vendor_id,image,created_at,updated_at) VALUES('1','3','\'promotion-64fb98e3d2085.jpeg\'','\'2023-09-09 01:57:55\'','\'2023-09-09 01:57:55\''),('2','2','\'promotion-64fb9904c5395.jpeg\'','\'2023-09-09 01:58:28\'','\'2023-09-09 01:58:28\''),('3','2','\'promotion-64fb9ad981ca9.jpg\'','\'2023-09-09 02:06:17\'','\'2023-09-09 02:06:17\'');

INSERT INTO refund_policy(id,vendor_id,refund_policy_content,created_at,updated_at) VALUES('1','1','X\'3c703e3c6269673e3c7374726f6e673e526566756e6420506f6c6963793c2f7374726f6e673e3c2f6269673e3c2f703e0d0a0d0a3c703e266e6273703b3c2f703e0d0a0d0a3c703e2671756f743b5365642075742070657273706963696174697320756e6465206f6d6e69732069737465206e61747573206572726f722073697420766f6c7570746174656d206163637573616e7469756d20646f6c6f72656d717565206c617564616e7469756d2c20746f74616d2072656d206170657269616d2c2065617175652069707361207175616520616220696c6c6f20696e76656e746f726520766572697461746973206574207175617369206172636869746563746f206265617461652076697461652064696374612073756e74206578706c696361626f2e204e656d6f20656e696d20697073616d20766f6c7570746174656d207175696120766f6c7570746173207369742061737065726e6174757220617574206f646974206175742066756769742c20736564207175696120636f6e73657175756e747572206d61676e6920646f6c6f72657320656f732071756920726174696f6e6520766f6c7570746174656d207365717569206e65736369756e742e204e6571756520706f72726f20717569737175616d206573742c2071756920646f6c6f72656d20697073756d207175696120646f6c6f722073697420616d65742c20636f6e73656374657475722c2061646970697363692076656c69742c207365642071756961206e6f6e206e756d7175616d2065697573206d6f64692074656d706f726120696e636964756e74207574206c61626f726520657420646f6c6f7265206d61676e616d20616c697175616d207175616572617420766f6c7570746174656d2e20557420656e696d206164206d696e696d612076656e69616d2c2071756973206e6f737472756d20657865726369746174696f6e656d20756c6c616d20636f72706f726973207375736369706974206c61626f72696f73616d2c206e69736920757420616c697175696420657820656120636f6d6d6f646920636f6e73657175617475723f205175697320617574656d2076656c2065756d206975726520726570726568656e64657269742071756920696e20656120766f6c7570746174652076656c69742065737365207175616d206e6968696c206d6f6c65737469616520636f6e73657175617475722c2076656c20696c6c756d2071756920646f6c6f72656d2065756d206675676961742071756f20766f6c7570746173206e756c6c612070617269617475723f2671756f743b3c2f703e0d0a0d0a3c703e266e6273703b3c2f703e0d0a0d0a3c703e2671756f743b5365642075742070657273706963696174697320756e6465206f6d6e69732069737465206e61747573206572726f722073697420766f6c7570746174656d206163637573616e7469756d20646f6c6f72656d717565206c617564616e7469756d2c20746f74616d2072656d206170657269616d2c2065617175652069707361207175616520616220696c6c6f20696e76656e746f726520766572697461746973206574207175617369206172636869746563746f206265617461652076697461652064696374612073756e74206578706c696361626f2e204e656d6f20656e696d20697073616d20766f6c7570746174656d207175696120766f6c7570746173207369742061737065726e6174757220617574206f646974206175742066756769742c20736564207175696120636f6e73657175756e747572206d61676e6920646f6c6f72657320656f732071756920726174696f6e6520766f6c7570746174656d207365717569206e65736369756e742e204e6571756520706f72726f20717569737175616d206573742c2071756920646f6c6f72656d20697073756d207175696120646f6c6f722073697420616d65742c20636f6e73656374657475722c2061646970697363692076656c69742c207365642071756961206e6f6e206e756d7175616d2065697573206d6f64692074656d706f726120696e636964756e74207574206c61626f726520657420646f6c6f7265206d61676e616d20616c697175616d207175616572617420766f6c7570746174656d2e20557420656e696d206164206d696e696d612076656e69616d2c2071756973206e6f737472756d20657865726369746174696f6e656d20756c6c616d20636f72706f726973207375736369706974206c61626f72696f73616d2c206e69736920757420616c697175696420657820656120636f6d6d6f646920636f6e73657175617475723f205175697320617574656d2076656c2065756d206975726520726570726568656e64657269742071756920696e20656120766f6c7570746174652076656c69742065737365207175616d206e6968696c206d6f6c65737469616520636f6e73657175617475722c2076656c20696c6c756d2071756920646f6c6f72656d2065756d206675676961742071756f20766f6c7570746173206e756c6c612070617269617475723f2671756f743b3c2f703e0d0a0d0a3c703e266e6273703b3c2f703e0d0a0d0a3c703e2671756f743b5365642075742070657273706963696174697320756e6465206f6d6e69732069737465206e61747573206572726f722073697420766f6c7570746174656d206163637573616e7469756d20646f6c6f72656d717565206c617564616e7469756d2c20746f74616d2072656d206170657269616d2c2065617175652069707361207175616520616220696c6c6f20696e76656e746f726520766572697461746973206574207175617369206172636869746563746f206265617461652076697461652064696374612073756e74206578706c696361626f2e204e656d6f20656e696d20697073616d20766f6c7570746174656d207175696120766f6c7570746173207369742061737065726e6174757220617574206f646974206175742066756769742c20736564207175696120636f6e73657175756e747572206d61676e6920646f6c6f72657320656f732071756920726174696f6e6520766f6c7570746174656d207365717569206e65736369756e742e204e6571756520706f72726f20717569737175616d206573742c2071756920646f6c6f72656d20697073756d207175696120646f6c6f722073697420616d65742c20636f6e73656374657475722c2061646970697363692076656c69742c207365642071756961206e6f6e206e756d7175616d2065697573206d6f64692074656d706f726120696e636964756e74207574206c61626f726520657420646f6c6f7265206d61676e616d20616c697175616d207175616572617420766f6c7570746174656d2e20557420656e696d206164206d696e696d612076656e69616d2c2071756973206e6f737472756d20657865726369746174696f6e656d20756c6c616d20636f72706f726973207375736369706974206c61626f72696f73616d2c206e69736920757420616c697175696420657820656120636f6d6d6f646920636f6e73657175617475723f205175697320617574656d2076656c2065756d206975726520726570726568656e64657269742071756920696e20656120766f6c7570746174652076656c69742065737365207175616d206e6968696c206d6f6c65737469616520636f6e73657175617475722c2076656c20696c6c756d2071756920646f6c6f72656d2065756d206675676961742071756f20766f6c7570746173206e756c6c612070617269617475723f2671756f743b3c2f703e0d0a0d0a3c703e266e6273703b3c2f703e0d0a0d0a3c703e2671756f743b5365642075742070657273706963696174697320756e6465206f6d6e69732069737465206e61747573206572726f722073697420766f6c7570746174656d206163637573616e7469756d20646f6c6f72656d717565206c617564616e7469756d2c20746f74616d2072656d206170657269616d2c2065617175652069707361207175616520616220696c6c6f20696e76656e746f726520766572697461746973206574207175617369206172636869746563746f206265617461652076697461652064696374612073756e74206578706c696361626f2e204e656d6f20656e696d20697073616d20766f6c7570746174656d207175696120766f6c7570746173207369742061737065726e6174757220617574206f646974206175742066756769742c20736564207175696120636f6e73657175756e747572206d61676e6920646f6c6f72657320656f732071756920726174696f6e6520766f6c7570746174656d207365717569206e65736369756e742e204e6571756520706f72726f20717569737175616d206573742c2071756920646f6c6f72656d20697073756d207175696120646f6c6f722073697420616d65742c20636f6e73656374657475722c2061646970697363692076656c69742c207365642071756961206e6f6e206e756d7175616d2065697573206d6f64692074656d706f726120696e636964756e74207574206c61626f726520657420646f6c6f7265206d61676e616d20616c697175616d207175616572617420766f6c7570746174656d2e20557420656e696d206164206d696e696d612076656e69616d2c2071756973206e6f737472756d20657865726369746174696f6e656d20756c6c616d20636f72706f726973207375736369706974206c61626f72696f73616d2c206e69736920757420616c697175696420657820656120636f6d6d6f646920636f6e73657175617475723f205175697320617574656d2076656c2065756d206975726520726570726568656e64657269742071756920696e20656120766f6c7570746174652076656c69742065737365207175616d206e6968696c206d6f6c65737469616520636f6e73657175617475722c2076656c20696c6c756d2071756920646f6c6f72656d2065756d206675676961742071756f20766f6c7570746173206e756c6c612070617269617475723f2671756f743b3c2f703e0d0a0d0a3c703e266e6273703b3c2f703e0d0a0d0a3c703e2671756f743b5365642075742070657273706963696174697320756e6465206f6d6e69732069737465206e61747573206572726f722073697420766f6c7570746174656d206163637573616e7469756d20646f6c6f72656d717565206c617564616e7469756d2c20746f74616d2072656d206170657269616d2c2065617175652069707361207175616520616220696c6c6f20696e76656e746f726520766572697461746973206574207175617369206172636869746563746f206265617461652076697461652064696374612073756e74206578706c696361626f2e204e656d6f20656e696d20697073616d20766f6c7570746174656d207175696120766f6c7570746173207369742061737065726e6174757220617574206f646974206175742066756769742c20736564207175696120636f6e73657175756e747572206d61676e6920646f6c6f72657320656f732071756920726174696f6e6520766f6c7570746174656d207365717569206e65736369756e742e204e6571756520706f72726f20717569737175616d206573742c2071756920646f6c6f72656d20697073756d207175696120646f6c6f722073697420616d65742c20636f6e73656374657475722c2061646970697363692076656c69742c207365642071756961206e6f6e206e756d7175616d2065697573206d6f64692074656d706f726120696e636964756e74207574206c61626f726520657420646f6c6f7265206d61676e616d20616c697175616d207175616572617420766f6c7570746174656d2e20557420656e696d206164206d696e696d612076656e69616d2c2071756973206e6f737472756d20657865726369746174696f6e656d20756c6c616d20636f72706f726973207375736369706974206c61626f72696f73616d2c206e69736920757420616c697175696420657820656120636f6d6d6f646920636f6e73657175617475723f205175697320617574656d2076656c2065756d206975726520726570726568656e64657269742071756920696e20656120766f6c7570746174652076656c69742065737365207175616d206e6968696c206d6f6c65737469616520636f6e73657175617475722c2076656c20696c6c756d2071756920646f6c6f72656d2065756d206675676961742071756f20766f6c7570746173206e756c6c612070617269617475723f2671756f743b3c2f703e0d0a0d0a3c703e266e6273703b3c2f703e0d0a0d0a3c703e2671756f743b5365642075742070657273706963696174697320756e6465206f6d6e69732069737465206e61747573206572726f722073697420766f6c7570746174656d206163637573616e7469756d20646f6c6f72656d717565206c617564616e7469756d2c20746f74616d2072656d206170657269616d2c2065617175652069707361207175616520616220696c6c6f20696e76656e746f726520766572697461746973206574207175617369206172636869746563746f206265617461652076697461652064696374612073756e74206578706c696361626f2e204e656d6f20656e696d20697073616d20766f6c7570746174656d207175696120766f6c7570746173207369742061737065726e6174757220617574206f646974206175742066756769742c20736564207175696120636f6e73657175756e747572206d61676e6920646f6c6f72657320656f732071756920726174696f6e6520766f6c7570746174656d207365717569206e65736369756e742e204e6571756520706f72726f20717569737175616d206573742c2071756920646f6c6f72656d20697073756d207175696120646f6c6f722073697420616d65742c20636f6e73656374657475722c2061646970697363692076656c69742c207365642071756961206e6f6e206e756d7175616d2065697573206d6f64692074656d706f726120696e636964756e74207574206c61626f726520657420646f6c6f7265206d61676e616d20616c697175616d207175616572617420766f6c7570746174656d2e20557420656e696d206164206d696e696d612076656e69616d2c2071756973206e6f737472756d20657865726369746174696f6e656d20756c6c616d20636f72706f726973207375736369706974206c61626f72696f73616d2c206e69736920757420616c697175696420657820656120636f6d6d6f646920636f6e73657175617475723f205175697320617574656d2076656c2065756d206975726520726570726568656e64657269742071756920696e20656120766f6c7570746174652076656c69742065737365207175616d206e6968696c206d6f6c65737469616520636f6e73657175617475722c2076656c20696c6c756d2071756920646f6c6f72656d2065756d206675676961742071756f20766f6c7570746173206e756c6c612070617269617475723f2671756f743b3c2f703e0d0a0d0a3c703e266e6273703b3c2f703e0d0a0d0a3c703e2671756f743b5365642075742070657273706963696174697320756e6465206f6d6e69732069737465206e61747573206572726f722073697420766f6c7570746174656d206163637573616e7469756d20646f6c6f72656d717565206c617564616e7469756d2c20746f74616d2072656d206170657269616d2c2065617175652069707361207175616520616220696c6c6f20696e76656e746f726520766572697461746973206574207175617369206172636869746563746f206265617461652076697461652064696374612073756e74206578706c696361626f2e204e656d6f20656e696d20697073616d20766f6c7570746174656d207175696120766f6c7570746173207369742061737065726e6174757220617574206f646974206175742066756769742c20736564207175696120636f6e73657175756e747572206d61676e6920646f6c6f72657320656f732071756920726174696f6e6520766f6c7570746174656d207365717569206e65736369756e742e204e6571756520706f72726f20717569737175616d206573742c2071756920646f6c6f72656d20697073756d207175696120646f6c6f722073697420616d65742c20636f6e73656374657475722c2061646970697363692076656c69742c207365642071756961206e6f6e206e756d7175616d2065697573206d6f64692074656d706f726120696e636964756e74207574206c61626f726520657420646f6c6f7265206d61676e616d20616c697175616d207175616572617420766f6c7570746174656d2e20557420656e696d206164206d696e696d612076656e69616d2c2071756973206e6f737472756d20657865726369746174696f6e656d20756c6c616d20636f72706f726973207375736369706974206c61626f72696f73616d2c206e69736920757420616c697175696420657820656120636f6d6d6f646920636f6e73657175617475723f205175697320617574656d2076656c2065756d206975726520726570726568656e64657269742071756920696e20656120766f6c7570746174652076656c69742065737365207175616d206e6968696c206d6f6c65737469616520636f6e73657175617475722c2076656c20696c6c756d2071756920646f6c6f72656d2065756d206675676961742071756f20766f6c7570746173206e756c6c612070617269617475723f2671756f743b3c2f703e\'','\'2023-07-25 05:30:29\'','\'2023-07-25 05:30:29\'');

INSERT INTO role_has_permissions(permission_id,role_id) VALUES('38','2'),('39','2'),('40','2'),('41','2'),('42','2'),('43','2'),('44','2'),('45','2'),('46','2'),('47','2'),('48','2'),('49','2'),('50','2'),('51','2'),('52','2'),('53','2'),('54','2'),('55','2'),('56','2'),('57','2'),('58','2'),('38','6'),('39','6'),('40','6'),('41','6'),('42','6'),('43','6'),('44','6'),('45','6'),('46','6'),('47','6'),('48','6'),('49','6'),('50','6'),('51','6'),('52','6'),('53','6'),('54','6'),('55','6'),('56','6'),('57','6'),('58','6');

INSERT INTO roles(id,name,guard_name,created_at,updated_at) VALUES('2','\'super admin\'','\'web\'','\'2023-09-30 21:42:51\'','\'2023-09-30 21:42:51\''),('6','\'admin\'','\'web\'','\'2023-09-30 22:10:57\'','\'2023-09-30 22:10:57\''),('7','\'customer\'','\'web\'','\'2023-09-30 22:10:57\'','\'2023-09-30 22:10:57\''),('8','\'store\'','\'web\'','\'2023-09-30 22:10:57\'','\'2023-09-30 22:10:57\''),('9','\'cashier\'','\'web\'','\'2024-03-24 23:30:23\'','\'2024-03-24 23:30:23\''),('10','\'shife\'','\'web\'','\'2024-03-24 23:30:23\'','\'2024-03-24 23:30:23\''),('11','\'waiter\'','\'web\'','\'2024-03-24 23:30:23\'','\'2024-03-24 23:30:23\''),('12','\'driver\'','\'web\'','\'2024-03-24 23:30:23\'','\'2024-03-24 23:30:23\''),('13','\'call center\'','\'web\'','\'2024-03-24 23:30:23\'','\'2024-03-24 23:30:23\''),('14','\'branch admin\'','\'web\'','\'2024-03-24 23:30:23\'','\'2024-03-24 23:30:23\'');

INSERT INTO settings(id,vendor_id,currency,currency_position,maintenance_mode,checkout_login_required,logo,favicon,delivery_type,timezone,address,email,description,contact,copyright,website_title,meta_title,meta_description,og_image,mail_driver,mail_host,mail_port,mail_username,mail_password,mail_encryption,mail_fromaddress,mail_fromname,facebook_link,twitter_link,instagram_link,linkedin_link,whatsapp_widget,whatsapp_message,telegram_message,telegram_access_token,telegram_chat_id,item_message,language,template,template_type,primary_color,secondary_color,landing_website_title,custom_domain,cname_title,cname_text,interval_time,interval_type,time_format,banner,tracking_id,view_id,firebase,cover_image,notification_sound,recaptcha_version,facebook_client_id,facebook_client_secret,facebook_redirect_url,google_client_id,google_client_secret,google_redirect_url,google_recaptcha_site_key,google_recaptcha_secret_key,score_threshold,cookie_text,cookie_button_text,facebook_login,google_login,subscribe_background,created_at,updated_at,pixel_header,pixel_footer,home_background_color,footer_background,minimum_price) VALUES('1','1','\'KD\'','\'left\'','2','2','\'logo-64fb5d32742c4.png\'','\'favicon-64fb5d16d594d.png\'','\'\'','\'Asia/Dubai\'','\'kuwait ciy, sharq\'','\'info@birds.re\'','NULL','\'+96555140309\'','\'Copyright  2023 BirdsMedia. All Rights Reserved\'','\'Birds SaaS | Admin\'','\'Birds SaaS - Multi Restaurant Online Food Ordering System SaaS\'','X\'4269726473205361615320e2809320596f757220556c74696d617465204d756c74692d52657374617572616e74204f6e6c696e6520466f6f64204f72646572696e672053797374656d212053696d706c696679207468652064696e696e6720657870657269656e636520666f7220626f746820637573746f6d65727320616e642072657374617572616e74732077697468206f757220696e6e6f766174697665205361615320736f6c7574696f6e2e205365616d6c6573736c79206f7264657220796f7572206661766f72697465206469736865732066726f6d206d756c7469706c652072657374617572616e7473207468726f7567682057686174734170702c20656e6a6f79696e67206120686173736c652d667265652070726f636573732066726f6d206d656e752062726f7773696e6720746f207061796d656e74\'','\'default-og_image.png\'','\'smtp\'','\'smtp.gmail.com\'','\'587\'','\'Mail Username\'','\'Mail Password\'','\'tls\'','\'hello@example.com\'','\'Gravity\'','\'https://www.facebook.com/\'','\'https://twitter.com/\'','\'https://www.instagram.com/\'','\'https://www.linkedin.com/in/\'','X\'\'','X\'\'','NULL','NULL','NULL','X\'\'','1','1','1','\'#1786fd\'','\'#ffea00\'','\'Birds for Restaurants\'','X\'2d\'','X\'5265616420416c6c20496e737472756374696f6e73204361726566756c6c79204265666f72652053656e64696e6720437573746f6d20446f6d61696e2052657175657374\'','X\'3c703e496620796f75262333393b7265207573696e67206350616e656c206f7220506c65736b207468656e20796f75206e65656420746f206d616e75616c6c792061646420637573746f6d20646f6d61696e20696e20796f7572207365727665722077697468207468652073616d6520726f6f74206469726563746f72792061732074686520736372697074262333393b7320696e7374616c6c6174696f6e266e6273703b616e642075736572206e65656420746f20706f696e7420746865697220637573746f6d20646f6d61696e2041207265636f7264207769746820796f7572207365727665722049502e204578616d706c65203a2036382e3137382e3134352e343c2f703e\'','\'\'','0','1','\'\'','\'tracking_id\'','\'view_id\'','X\'\'','\'\'','\'\'','\'v2\'','X\'46616365626f6f6b20436c69656e74204964\'','X\'46616365626f6f6b20436c69656e7420536563726574\'','X\'46616365626f6f6b2052656469726563742055524c\'','X\'476f6f676c6520436c69656e74204964\'','X\'476f6f676c6520436c69656e7420536563726574\'','X\'476f6f676c652052656469726563742055524c\'','\'google_recaptcha_site_key\'','\'google_recaptcha_secret_key\'','\'0.5\'','X\'596f757220657870657269656e6365206f6e207468697320736974652077696c6c20626520696d70726f76656420627920616c6c6f77696e6720636f6f6b6965732e\'','X\'49204167726565\'','2','2','NULL','NULL','\'2023-09-09 01:43:55\'','NULL','NULL','NULL','NULL','0.00'),('6','2','\'INR\'','\'left\'','2','2','\'default.png\'','\'favicon_default.png\'','\'1,2\'','\'Asia/Kolkata\'','\'Your address\'','\'youremail@gmail.com\'','X\'596f7572206465736372697074696f6e\'','\'Your contact\'','\'Copyright  2023 Gravity Infotech. All Rights Reserved\'','\'Your store name\'','\'Your store name\'','X\'4465736372697074696f6e\'','\'default-og_image.png\'','NULL','NULL','NULL','NULL','NULL','NULL','NULL','NULL','\'Your facebook page link\'','\'Your twitter page link\'','\'Your instagram page link\'','\'Your linkedin page link\'','NULL','X\'48692c200a4920776f756c64206c696b6520746f20706c61636520616e206f7264657220f09f91870a2a7b64656c69766572795f747970657d2a204f72646572204e6f3a207b6f726465725f6e6f7d0a2d2d2d2d2d2d2d2d2d2d2d2d2d2d2d2d2d2d2d2d2d2d2d2d2d2d2d0a7b6974656d5f7661726961626c657d0a2d2d2d2d2d2d2d2d2d2d2d2d2d2d2d2d2d2d2d2d2d2d2d2d2d2d2d0af09f9189537562746f74616c203a207b7375625f746f74616c7d0af09f9189546178203a207b746f74616c5f7461787d0af09f918944656c697665727920636861726765203a207b64656c69766572795f6368617267657d0af09f9189446973636f756e74203a202d207b646973636f756e745f616d6f756e747d0a2d2d2d2d2d2d2d2d2d2d2d2d2d2d2d2d2d2d2d2d2d2d2d2d2d2d2d0af09f938320546f74616c203a207b6772616e645f746f74616c7d0a2d2d2d2d2d2d2d2d2d2d2d2d2d2d2d2d2d2d2d2d2d2d2d2d2d2d2d0af09f938420436f6d6d656e74203a207b6e6f7465737d0a0ae29c8520437573746f6d657220496e666f0a0a437573746f6d6572206e616d65203a207b637573746f6d65725f6e616d657d0a437573746f6d65722070686f6e65203a207b637573746f6d65725f6d6f62696c657d0a0af09f938d2044656c69766572792044657461696c730a0a41646472657373203a207b616464726573737d2c207b6275696c64696e677d2c207b6c616e646d61726b7d2c207b706f7374616c5f636f64657d0a0a2d2d2d2d2d2d2d2d2d2d2d2d2d2d2d2d2d2d2d2d2d2d2d2d2d2d2d0a44617465203a207b646174657d0a54696d65203a207b74696d657d0a2d2d2d2d2d2d2d2d2d2d2d2d2d2d2d2d2d2d2d2d2d2d2d2d2d2d2d0af09f92b3205061796d656e742074797065203a0a7b7061796d656e745f747970657d0a0a7b73746f72655f6e616d657d2077696c6c20636f6e6669726d20796f7572206f726465722075706f6e20726563656976696e6720746865206d6573736167652e0a0a547261636b20796f7572206f7264657220f09f91870a7b747261636b5f6f726465725f75726c7d0a0a436c69636b206865726520666f72206e657874206f7264657220f09f91870a7b73746f72655f75726c7d\'','X\'48692c200a4920776f756c64206c696b6520746f20706c61636520616e206f7264657220f09f91870a2a7b64656c69766572795f747970657d2a204f72646572204e6f3a207b6f726465725f6e6f7d0a2d2d2d2d2d2d2d2d2d2d2d2d2d2d2d2d2d2d2d2d2d2d2d2d2d2d2d0a7b6974656d5f7661726961626c657d0a2d2d2d2d2d2d2d2d2d2d2d2d2d2d2d2d2d2d2d2d2d2d2d2d2d2d2d0af09f9189537562746f74616c203a207b7375625f746f74616c7d0af09f9189546178203a207b746f74616c5f7461787d0af09f918944656c697665727920636861726765203a207b64656c69766572795f6368617267657d0af09f9189446973636f756e74203a202d207b646973636f756e745f616d6f756e747d0a2d2d2d2d2d2d2d2d2d2d2d2d2d2d2d2d2d2d2d2d2d2d2d2d2d2d2d0af09f938320546f74616c203a207b6772616e645f746f74616c7d0a2d2d2d2d2d2d2d2d2d2d2d2d2d2d2d2d2d2d2d2d2d2d2d2d2d2d2d0af09f938420436f6d6d656e74203a207b6e6f7465737d0a0ae29c8520437573746f6d657220496e666f0a0a437573746f6d6572206e616d65203a207b637573746f6d65725f6e616d657d0a437573746f6d65722070686f6e65203a207b637573746f6d65725f6d6f62696c657d0a0af09f938d2044656c69766572792044657461696c730a0a41646472657373203a207b616464726573737d2c207b6275696c64696e677d2c207b6c616e646d61726b7d2c207b706f7374616c5f636f64657d0a0a2d2d2d2d2d2d2d2d2d2d2d2d2d2d2d2d2d2d2d2d2d2d2d2d2d2d2d0a44617465203a207b646174657d0a54696d65203a207b74696d657d0a2d2d2d2d2d2d2d2d2d2d2d2d2d2d2d2d2d2d2d2d2d2d2d2d2d2d2d0af09f92b3205061796d656e742074797065203a0a7b7061796d656e745f747970657d0a0a7b73746f72655f6e616d657d2077696c6c20636f6e6669726d20796f7572206f726465722075706f6e20726563656976696e6720746865206d6573736167652e0a0a547261636b20796f7572206f7264657220f09f91870a7b747261636b5f6f726465725f75726c7d0a0a436c69636b206865726520666f72206e657874206f7264657220f09f91870a7b73746f72655f75726c7d\'','NULL','NULL','X\'f09f94b5207b7174797d2058207b6974656d5f6e616d657d207b76617269616e7473646174617d202d207b6974656d5f70726963657d\'','1','3','3','\'#181D31\'','\'#6096B4\'','NULL','NULL','NULL','NULL','\'1\'','2','1','\'default-banner.png\'','NULL','NULL','NULL','\'default-cover.png\'','\'notification.mp3\'','NULL','NULL','NULL','NULL','NULL','NULL','NULL','NULL','NULL','NULL','NULL','NULL','2','2','NULL','\'2023-09-09 02:14:35\'','\'2023-10-03 21:38:22\'','NULL','NULL','NULL','NULL','0.00'),('7','3','\'KD\'','\'right\'','2','2','\'logo-65824ab2ae807.svg\'','\'favicon-658252e76ba34.svg\'','\'1,2\'','\'Africa/Addis_Ababa\'','\'Your address\'','\'youremail@gmail.com\'','X\'596f7572206465736372697074696f6e\'','\'+96555140309\'','\'Copyright  2023 BirdsMedia. All Rights Reserved\'','\'Your store name\'','\'Your store name\'','X\'4465736372697074696f6e\'','\'default-og_image.png\'','NULL','NULL','NULL','NULL','NULL','NULL','NULL','NULL','\'Your facebook page link\'','\'Your twitter page link\'','\'Your instagram page link\'','\'Your linkedin page link\'','NULL','X\'48692c200d0a4920776f756c64206c696b6520746f20706c61636520616e206f7264657220f09f91870d0a2a7b64656c69766572795f747970657d2a204f72646572204e6f3a207b6f726465725f6e6f7d0d0a2d2d2d2d2d2d2d2d2d2d2d2d2d2d2d2d2d2d2d2d2d2d2d2d2d2d2d0d0a7b6974656d5f7661726961626c657d0d0a2d2d2d2d2d2d2d2d2d2d2d2d2d2d2d2d2d2d2d2d2d2d2d2d2d2d2d0d0af09f9189537562746f74616c203a207b7375625f746f74616c7d0d0af09f9189546178203a207b746f74616c5f7461787d0d0af09f918944656c697665727920636861726765203a207b64656c69766572795f6368617267657d0d0af09f9189446973636f756e74203a202d207b646973636f756e745f616d6f756e747d0d0a2d2d2d2d2d2d2d2d2d2d2d2d2d2d2d2d2d2d2d2d2d2d2d2d2d2d2d0d0af09f938320546f74616c203a207b6772616e645f746f74616c7d0d0a2d2d2d2d2d2d2d2d2d2d2d2d2d2d2d2d2d2d2d2d2d2d2d2d2d2d2d0d0af09f938420436f6d6d656e74203a207b6e6f7465737d0d0a0d0ae29c8520437573746f6d657220496e666f0d0a0d0a437573746f6d6572206e616d65203a207b637573746f6d65725f6e616d657d0d0a437573746f6d65722070686f6e65203a207b637573746f6d65725f6d6f62696c657d0d0a0d0af09f938d2044656c69766572792044657461696c730d0a0d0a41646472657373203a207b616464726573737d2c207b6275696c64696e677d2c207b6c616e646d61726b7d2c207b706f7374616c5f636f64657d0d0a0d0a2d2d2d2d2d2d2d2d2d2d2d2d2d2d2d2d2d2d2d2d2d2d2d2d2d2d2d0d0a44617465203a207b646174657d0d0a54696d65203a207b74696d657d0d0a2d2d2d2d2d2d2d2d2d2d2d2d2d2d2d2d2d2d2d2d2d2d2d2d2d2d2d0d0af09f92b3205061796d656e742074797065203a0d0a7b7061796d656e745f747970657d0d0a0d0a7b73746f72655f6e616d657d2077696c6c20636f6e6669726d20796f7572206f726465722075706f6e20726563656976696e6720746865206d6573736167652e0d0a0d0a547261636b20796f7572206f7264657220f09f91870d0a7b747261636b5f6f726465725f75726c7d0d0a0d0a436c69636b206865726520666f72206e657874206f7264657220f09f91870d0a7b73746f72655f75726c7d\'','X\'48692c200a4920776f756c64206c696b6520746f20706c61636520616e206f7264657220f09f91870a2a7b64656c69766572795f747970657d2a204f72646572204e6f3a207b6f726465725f6e6f7d0a2d2d2d2d2d2d2d2d2d2d2d2d2d2d2d2d2d2d2d2d2d2d2d2d2d2d2d0a7b6974656d5f7661726961626c657d0a2d2d2d2d2d2d2d2d2d2d2d2d2d2d2d2d2d2d2d2d2d2d2d2d2d2d2d0af09f9189537562746f74616c203a207b7375625f746f74616c7d0af09f9189546178203a207b746f74616c5f7461787d0af09f918944656c697665727920636861726765203a207b64656c69766572795f6368617267657d0af09f9189446973636f756e74203a202d207b646973636f756e745f616d6f756e747d0a2d2d2d2d2d2d2d2d2d2d2d2d2d2d2d2d2d2d2d2d2d2d2d2d2d2d2d0af09f938320546f74616c203a207b6772616e645f746f74616c7d0a2d2d2d2d2d2d2d2d2d2d2d2d2d2d2d2d2d2d2d2d2d2d2d2d2d2d2d0af09f938420436f6d6d656e74203a207b6e6f7465737d0a0ae29c8520437573746f6d657220496e666f0a0a437573746f6d6572206e616d65203a207b637573746f6d65725f6e616d657d0a437573746f6d65722070686f6e65203a207b637573746f6d65725f6d6f62696c657d0a0af09f938d2044656c69766572792044657461696c730a0a41646472657373203a207b616464726573737d2c207b6275696c64696e677d2c207b6c616e646d61726b7d2c207b706f7374616c5f636f64657d0a0a2d2d2d2d2d2d2d2d2d2d2d2d2d2d2d2d2d2d2d2d2d2d2d2d2d2d2d0a44617465203a207b646174657d0a54696d65203a207b74696d657d0a2d2d2d2d2d2d2d2d2d2d2d2d2d2d2d2d2d2d2d2d2d2d2d2d2d2d2d0af09f92b3205061796d656e742074797065203a0a7b7061796d656e745f747970657d0a0a7b73746f72655f6e616d657d2077696c6c20636f6e6669726d20796f7572206f726465722075706f6e20726563656976696e6720746865206d6573736167652e0a0a547261636b20796f7572206f7264657220f09f91870a7b747261636b5f6f726465725f75726c7d0a0a436c69636b206865726520666f72206e657874206f7264657220f09f91870a7b73746f72655f75726c7d\'','NULL','NULL','X\'f09f94b5207b7174797d2058207b6974656d5f6e616d657d207b76617269616e7473646174617d202d207b6974656d5f70726963657d\'','1','4','2','\'#ff61a0\'','\'#48ad61\'','NULL','NULL','NULL','NULL','\'1\'','2','1','\'banner-658262f5c4f54.jpg\'','NULL','NULL','X\'\'','\'cover-658263039cfd7.jpg\'','\'notification.mp3\'','NULL','NULL','NULL','NULL','NULL','NULL','NULL','NULL','NULL','NULL','NULL','NULL','2','2','\'subscribe_bg-6582525c4d4b6.jpg\'','\'2023-09-09 02:15:18\'','\'2023-12-20 10:48:39\'','NULL','NULL','\'#fbeaf1\'','\'[\\\"#ff61a0\\\",\\\"#ff61a0\\\"]\'','0.00'),('8','4','\'.\'','\'right\'','2','2','\'logo-6500d5e001981.png\'','\'favicon_default.png\'','\'1\'','\'Asia/Dubai\'','\' \'','\'youremail@gmail.com\'','NULL','\'Your contact\'','\'Copyright  2023 BirdsMedia. All Rights Reserved\'','\'n2ily\'','\'Your store name\'','X\'4465736372697074696f6e\'','\'default-og_image.png\'','NULL','NULL','NULL','NULL','NULL','NULL','NULL','NULL','\'Your facebook page link\'','\'Your twitter page link\'','\'Your instagram page link\'','\'Your linkedin page link\'','NULL','X\'48692c200a4920776f756c64206c696b6520746f20706c61636520616e206f7264657220f09f91870a2a7b64656c69766572795f747970657d2a204f72646572204e6f3a207b6f726465725f6e6f7d0a2d2d2d2d2d2d2d2d2d2d2d2d2d2d2d2d2d2d2d2d2d2d2d2d2d2d2d0a7b6974656d5f7661726961626c657d0a2d2d2d2d2d2d2d2d2d2d2d2d2d2d2d2d2d2d2d2d2d2d2d2d2d2d2d0af09f9189537562746f74616c203a207b7375625f746f74616c7d0af09f9189546178203a207b746f74616c5f7461787d0af09f918944656c697665727920636861726765203a207b64656c69766572795f6368617267657d0af09f9189446973636f756e74203a202d207b646973636f756e745f616d6f756e747d0a2d2d2d2d2d2d2d2d2d2d2d2d2d2d2d2d2d2d2d2d2d2d2d2d2d2d2d0af09f938320546f74616c203a207b6772616e645f746f74616c7d0a2d2d2d2d2d2d2d2d2d2d2d2d2d2d2d2d2d2d2d2d2d2d2d2d2d2d2d0af09f938420436f6d6d656e74203a207b6e6f7465737d0a0ae29c8520437573746f6d657220496e666f0a0a437573746f6d6572206e616d65203a207b637573746f6d65725f6e616d657d0a437573746f6d65722070686f6e65203a207b637573746f6d65725f6d6f62696c657d0a0af09f938d2044656c69766572792044657461696c730a0a41646472657373203a207b616464726573737d2c207b6275696c64696e677d2c207b6c616e646d61726b7d2c207b706f7374616c5f636f64657d0a0a2d2d2d2d2d2d2d2d2d2d2d2d2d2d2d2d2d2d2d2d2d2d2d2d2d2d2d0a44617465203a207b646174657d0a54696d65203a207b74696d657d0a2d2d2d2d2d2d2d2d2d2d2d2d2d2d2d2d2d2d2d2d2d2d2d2d2d2d2d0af09f92b3205061796d656e742074797065203a0a7b7061796d656e745f747970657d0a0a7b73746f72655f6e616d657d2077696c6c20636f6e6669726d20796f7572206f726465722075706f6e20726563656976696e6720746865206d6573736167652e0a0a547261636b20796f7572206f7264657220f09f91870a7b747261636b5f6f726465725f75726c7d0a0a436c69636b206865726520666f72206e657874206f7264657220f09f91870a7b73746f72655f75726c7d\'','X\'48692c200a4920776f756c64206c696b6520746f20706c61636520616e206f7264657220f09f91870a2a7b64656c69766572795f747970657d2a204f72646572204e6f3a207b6f726465725f6e6f7d0a2d2d2d2d2d2d2d2d2d2d2d2d2d2d2d2d2d2d2d2d2d2d2d2d2d2d2d0a7b6974656d5f7661726961626c657d0a2d2d2d2d2d2d2d2d2d2d2d2d2d2d2d2d2d2d2d2d2d2d2d2d2d2d2d0af09f9189537562746f74616c203a207b7375625f746f74616c7d0af09f9189546178203a207b746f74616c5f7461787d0af09f918944656c697665727920636861726765203a207b64656c69766572795f6368617267657d0af09f9189446973636f756e74203a202d207b646973636f756e745f616d6f756e747d0a2d2d2d2d2d2d2d2d2d2d2d2d2d2d2d2d2d2d2d2d2d2d2d2d2d2d2d0af09f938320546f74616c203a207b6772616e645f746f74616c7d0a2d2d2d2d2d2d2d2d2d2d2d2d2d2d2d2d2d2d2d2d2d2d2d2d2d2d2d0af09f938420436f6d6d656e74203a207b6e6f7465737d0a0ae29c8520437573746f6d657220496e666f0a0a437573746f6d6572206e616d65203a207b637573746f6d65725f6e616d657d0a437573746f6d65722070686f6e65203a207b637573746f6d65725f6d6f62696c657d0a0af09f938d2044656c69766572792044657461696c730a0a41646472657373203a207b616464726573737d2c207b6275696c64696e677d2c207b6c616e646d61726b7d2c207b706f7374616c5f636f64657d0a0a2d2d2d2d2d2d2d2d2d2d2d2d2d2d2d2d2d2d2d2d2d2d2d2d2d2d2d0a44617465203a207b646174657d0a54696d65203a207b74696d657d0a2d2d2d2d2d2d2d2d2d2d2d2d2d2d2d2d2d2d2d2d2d2d2d2d2d2d2d0af09f92b3205061796d656e742074797065203a0a7b7061796d656e745f747970657d0a0a7b73746f72655f6e616d657d2077696c6c20636f6e6669726d20796f7572206f726465722075706f6e20726563656976696e6720746865206d6573736167652e0a0a547261636b20796f7572206f7264657220f09f91870a7b747261636b5f6f726465725f75726c7d0a0a436c69636b206865726520666f72206e657874206f7264657220f09f91870a7b73746f72655f75726c7d\'','NULL','NULL','X\'f09f94b5207b7174797d2058207b6974656d5f6e616d657d207b76617269616e7473646174617d202d207b6974656d5f70726963657d\'','1','4','2','\'#22ce95\'','\'#22ce95\'','NULL','NULL','NULL','NULL','\'1\'','2','1','\'banner-6500d468a070f.jpg\'','NULL','NULL','X\'\'','\'default-cover.png\'','\'notification.mp3\'','NULL','NULL','NULL','NULL','NULL','NULL','NULL','NULL','NULL','NULL','NULL','NULL','2','2','\'subscribe_bg-6500d4b033640.jpg\'','\'2023-09-12 16:30:50\'','\'2023-12-20 06:35:06\'','NULL','NULL','NULL','\'[\\\"#bdffe9\\\",\\\"#22ce95\\\"]\'','0.00'),('9','5','\'KD\'','\'left\'','2','2','\'logo-6581a1e17a507.svg\'','\'favicon_default.png\'','\'1,2\'','\'Asia/Dubai\'','\'Your address\'','\'youremail@gmail.com\'','X\'596f7572206465736372697074696f6e\'','\'55801615\'','\'Copyright  2023 BirdsMedia. All Rights Reserved\'','\'Your store name\'','\'Your store name\'','X\'4465736372697074696f6e\'','\'default-og_image.png\'','NULL','NULL','NULL','NULL','NULL','NULL','NULL','NULL','\'Your facebook page link\'','\'Your twitter page link\'','\'Your instagram page link\'','\'Your linkedin page link\'','NULL','X\'48692c200d0a4920776f756c64206c696b6520746f20706c61636520616e206f7264657220f09f91870d0a2a7b64656c69766572795f747970657d2a204f72646572204e6f3a207b6f726465725f6e6f7d0d0a2d2d2d2d2d2d2d2d2d2d2d2d2d2d2d2d2d2d2d2d2d2d2d2d2d2d2d0d0a7b6974656d5f7661726961626c657d0d0a2d2d2d2d2d2d2d2d2d2d2d2d2d2d2d2d2d2d2d2d2d2d2d2d2d2d2d0d0af09f9189537562746f74616c203a207b7375625f746f74616c7d0d0af09f9189546178203a207b746f74616c5f7461787d0d0af09f918944656c697665727920636861726765203a207b64656c69766572795f6368617267657d0d0af09f9189446973636f756e74203a202d207b646973636f756e745f616d6f756e747d0d0a2d2d2d2d2d2d2d2d2d2d2d2d2d2d2d2d2d2d2d2d2d2d2d2d2d2d2d0d0af09f938320546f74616c203a207b6772616e645f746f74616c7d0d0a2d2d2d2d2d2d2d2d2d2d2d2d2d2d2d2d2d2d2d2d2d2d2d2d2d2d2d0d0af09f938420436f6d6d656e74203a207b6e6f7465737d0d0a0d0ae29c8520437573746f6d657220496e666f0d0a0d0a437573746f6d6572206e616d65203a207b637573746f6d65725f6e616d657d0d0a437573746f6d65722070686f6e65203a207b637573746f6d65725f6d6f62696c657d0d0a0d0af09f938d2044656c69766572792044657461696c730d0a0d0a41646472657373203a207b616464726573737d2c207b6275696c64696e677d2c207b6c616e646d61726b7d2c207b706f7374616c5f636f64657d0d0a0d0a2d2d2d2d2d2d2d2d2d2d2d2d2d2d2d2d2d2d2d2d2d2d2d2d2d2d2d0d0a44617465203a207b646174657d0d0a54696d65203a207b74696d657d0d0a2d2d2d2d2d2d2d2d2d2d2d2d2d2d2d2d2d2d2d2d2d2d2d2d2d2d2d0d0af09f92b3205061796d656e742074797065203a0d0a7b7061796d656e745f747970657d0d0a0d0a7b73746f72655f6e616d657d2077696c6c20636f6e6669726d20796f7572206f726465722075706f6e20726563656976696e6720746865206d6573736167652e0d0a0d0a547261636b20796f7572206f7264657220f09f91870d0a7b747261636b5f6f726465725f75726c7d0d0a0d0a436c69636b206865726520666f72206e657874206f7264657220f09f91870d0a7b73746f72655f75726c7d\'','X\'48692c200a4920776f756c64206c696b6520746f20706c61636520616e206f7264657220f09f91870a2a7b64656c69766572795f747970657d2a204f72646572204e6f3a207b6f726465725f6e6f7d0a2d2d2d2d2d2d2d2d2d2d2d2d2d2d2d2d2d2d2d2d2d2d2d2d2d2d2d0a7b6974656d5f7661726961626c657d0a2d2d2d2d2d2d2d2d2d2d2d2d2d2d2d2d2d2d2d2d2d2d2d2d2d2d2d0af09f9189537562746f74616c203a207b7375625f746f74616c7d0af09f9189546178203a207b746f74616c5f7461787d0af09f918944656c697665727920636861726765203a207b64656c69766572795f6368617267657d0af09f9189446973636f756e74203a202d207b646973636f756e745f616d6f756e747d0a2d2d2d2d2d2d2d2d2d2d2d2d2d2d2d2d2d2d2d2d2d2d2d2d2d2d2d0af09f938320546f74616c203a207b6772616e645f746f74616c7d0a2d2d2d2d2d2d2d2d2d2d2d2d2d2d2d2d2d2d2d2d2d2d2d2d2d2d2d0af09f938420436f6d6d656e74203a207b6e6f7465737d0a0ae29c8520437573746f6d657220496e666f0a0a437573746f6d6572206e616d65203a207b637573746f6d65725f6e616d657d0a437573746f6d65722070686f6e65203a207b637573746f6d65725f6d6f62696c657d0a0af09f938d2044656c69766572792044657461696c730a0a41646472657373203a207b616464726573737d2c207b6275696c64696e677d2c207b6c616e646d61726b7d2c207b706f7374616c5f636f64657d0a0a2d2d2d2d2d2d2d2d2d2d2d2d2d2d2d2d2d2d2d2d2d2d2d2d2d2d2d0a44617465203a207b646174657d0a54696d65203a207b74696d657d0a2d2d2d2d2d2d2d2d2d2d2d2d2d2d2d2d2d2d2d2d2d2d2d2d2d2d2d0af09f92b3205061796d656e742074797065203a0a7b7061796d656e745f747970657d0a0a7b73746f72655f6e616d657d2077696c6c20636f6e6669726d20796f7572206f726465722075706f6e20726563656976696e6720746865206d6573736167652e0a0a547261636b20796f7572206f7264657220f09f91870a7b747261636b5f6f726465725f75726c7d0a0a436c69636b206865726520666f72206e657874206f7264657220f09f91870a7b73746f72655f75726c7d\'','NULL','NULL','X\'f09f94b5207b7174797d2058207b6974656d5f6e616d657d207b76617269616e7473646174617d202d207b6974656d5f70726963657d\'','1','4','3','\'#fd3f3f\'','\'#fb5b5b\'','NULL','X\'66756c6c73746f72652e74657374\'','NULL','NULL','\'1\'','2','1','\'banner-652af60508ebe.jpeg\'','NULL','NULL','X\'\'','\'cover-652af605092fa.jpeg\'','\'notification.mp3\'','NULL','NULL','NULL','NULL','NULL','NULL','NULL','NULL','NULL','NULL','NULL','NULL','2','2','\'subscribe_bg-652af605095f3.jpeg\'','\'2023-09-12 23:01:09\'','\'2024-02-02 02:34:57\'','X\'3c212d2d204d65746120506978656c20436f6465202d2d3e0d0a3c7363726970743e0d0a2166756e6374696f6e28662c622c652c762c6e2c742c73290d0a7b696628662e6662712972657475726e3b6e3d662e6662713d66756e6374696f6e28297b6e2e63616c6c4d6574686f643f0d0a6e2e63616c6c4d6574686f642e6170706c79286e2c617267756d656e7473293a6e2e71756575652e7075736828617267756d656e7473297d3b0d0a69662821662e5f66627129662e5f6662713d6e3b6e2e707573683d6e3b6e2e6c6f616465643d21303b6e2e76657273696f6e3d27322e30273b0d0a6e2e71756575653d5b5d3b743d622e637265617465456c656d656e742865293b742e6173796e633d21303b0d0a742e7372633d763b733d622e676574456c656d656e747342795461674e616d652865295b305d3b0d0a732e706172656e744e6f64652e696e736572744265666f726528742c73297d2877696e646f772c20646f63756d656e742c27736372697074272c0d0a2768747470733a2f2f636f6e6e6563742e66616365626f6f6b2e6e65742f656e5f55532f66626576656e74732e6a7327293b0d0a6662712827696e6974272c20273233313335383634303231353832313127293b0d0a6662712827747261636b272c2027506167655669657727293b0d0a3c2f7363726970743e0d0a3c6e6f7363726970743e3c696d67206865696768743d2231222077696474683d223122207374796c653d22646973706c61793a6e6f6e65220d0a7372633d2268747470733a2f2f7777772e66616365626f6f6b2e636f6d2f74723f69643d323331333538363430323135383231312665763d5061676556696577266e6f7363726970743d31220d0a2f3e3c2f6e6f7363726970743e0d0a3c212d2d20456e64204d65746120506978656c20436f6465202d2d3e0d0a0d0a0d0a3c212d2d20536e617020506978656c20436f6465202d2d3e0d0a3c73637269707420747970653d27746578742f6a617661736372697074273e0d0a2866756e6374696f6e28652c742c6e297b696628652e736e617074722972657475726e3b76617220613d652e736e617074723d66756e6374696f6e28290d0a7b612e68616e646c65526571756573743f612e68616e646c65526571756573742e6170706c7928612c617267756d656e7473293a612e71756575652e7075736828617267756d656e7473297d3b0d0a612e71756575653d5b5d3b76617220733d27736372697074273b723d742e637265617465456c656d656e742873293b722e6173796e633d21303b0d0a722e7372633d6e3b76617220753d742e676574456c656d656e747342795461674e616d652873295b305d3b0d0a752e706172656e744e6f64652e696e736572744265666f726528722c75293b7d292877696e646f772c646f63756d656e742c0d0a2768747470733a2f2f73632d7374617469632e6e65742f73636576656e742e6d696e2e6a7327293b0d0a0d0a736e617074722827696e6974272c202731333737373939362d633830642d343939652d393164372d313433316636633338313030272c207b0d0a27757365725f656d61696c273a20275f494e534552545f555345525f454d41494c5f270d0a7d293b0d0a0d0a736e617074722827747261636b272c2027504147455f5649455727293b0d0a0d0a3c2f7363726970743e0d0a3c212d2d20456e6420536e617020506978656c20436f6465202d2d3e\'','NULL','\'#fff5f5\'','\'[\\\"#fd3f3f\\\",\\\"#fd3f3f\\\"]\'','10.00'),('10','18','\'KD\'','\'left\'','2','2','\'logo-658218f177cd8.svg\'','\'favicon_default.png\'','\'1,2\'','\'Africa/Cairo\'','\'Your address\'','\'youremail@gmail.com\'','X\'596f7572206465736372697074696f6e\'','\'Your contact\'','\'Copyright  2023 BirdsMedia. All Rights Reserved\'','\'Your store name\'','\'Your store name\'','X\'4465736372697074696f6e\'','\'default-og_image.png\'','NULL','NULL','NULL','NULL','NULL','NULL','NULL','NULL','\'Your facebook page link\'','\'Your twitter page link\'','\'Your instagram page link\'','\'Your linkedin page link\'','NULL','X\'48692c200d0a4920776f756c64206c696b6520746f20706c61636520616e206f7264657220f09f91870d0a2a7b64656c69766572795f747970657d2a204f72646572204e6f3a207b6f726465725f6e6f7d0d0a2d2d2d2d2d2d2d2d2d2d2d2d2d2d2d2d2d2d2d2d2d2d2d2d2d2d2d0d0a7b6974656d5f7661726961626c657d0d0a2d2d2d2d2d2d2d2d2d2d2d2d2d2d2d2d2d2d2d2d2d2d2d2d2d2d2d0d0af09f9189537562746f74616c203a207b7375625f746f74616c7d0d0af09f9189546178203a207b746f74616c5f7461787d0d0af09f918944656c697665727920636861726765203a207b64656c69766572795f6368617267657d0d0af09f9189446973636f756e74203a202d207b646973636f756e745f616d6f756e747d0d0a2d2d2d2d2d2d2d2d2d2d2d2d2d2d2d2d2d2d2d2d2d2d2d2d2d2d2d0d0af09f938320546f74616c203a207b6772616e645f746f74616c7d0d0a2d2d2d2d2d2d2d2d2d2d2d2d2d2d2d2d2d2d2d2d2d2d2d2d2d2d2d0d0af09f938420436f6d6d656e74203a207b6e6f7465737d0d0a0d0ae29c8520437573746f6d657220496e666f0d0a0d0a437573746f6d6572206e616d65203a207b637573746f6d65725f6e616d657d0d0a437573746f6d65722070686f6e65203a207b637573746f6d65725f6d6f62696c657d0d0a0d0af09f938d2044656c69766572792044657461696c730d0a0d0a41646472657373203a207b616464726573737d2c207b6275696c64696e677d2c207b6c616e646d61726b7d2c207b706f7374616c5f636f64657d0d0a0d0a2d2d2d2d2d2d2d2d2d2d2d2d2d2d2d2d2d2d2d2d2d2d2d2d2d2d2d0d0a44617465203a207b646174657d0d0a54696d65203a207b74696d657d0d0a2d2d2d2d2d2d2d2d2d2d2d2d2d2d2d2d2d2d2d2d2d2d2d2d2d2d2d0d0af09f92b3205061796d656e742074797065203a0d0a7b7061796d656e745f747970657d0d0a0d0a7b73746f72655f6e616d657d2077696c6c20636f6e6669726d20796f7572206f726465722075706f6e20726563656976696e6720746865206d6573736167652e0d0a0d0a547261636b20796f7572206f7264657220f09f91870d0a7b747261636b5f6f726465725f75726c7d0d0a0d0a436c69636b206865726520666f72206e657874206f7264657220f09f91870d0a7b73746f72655f75726c7d\'','X\'48692c200d0a4920776f756c64206c696b6520746f20706c61636520616e206f7264657220f09f91870d0a2a7b64656c69766572795f747970657d2a204f72646572204e6f3a207b6f726465725f6e6f7d0d0a2d2d2d2d2d2d2d2d2d2d2d2d2d2d2d2d2d2d2d2d2d2d2d2d2d2d2d0d0a7b6974656d5f7661726961626c657d0d0a2d2d2d2d2d2d2d2d2d2d2d2d2d2d2d2d2d2d2d2d2d2d2d2d2d2d2d0d0af09f9189537562746f74616c203a207b7375625f746f74616c7d0d0af09f9189546178203a207b746f74616c5f7461787d0d0af09f918944656c697665727920636861726765203a207b64656c69766572795f6368617267657d0d0af09f9189446973636f756e74203a202d207b646973636f756e745f616d6f756e747d0d0a2d2d2d2d2d2d2d2d2d2d2d2d2d2d2d2d2d2d2d2d2d2d2d2d2d2d2d0d0af09f938320546f74616c203a207b6772616e645f746f74616c7d0d0a2d2d2d2d2d2d2d2d2d2d2d2d2d2d2d2d2d2d2d2d2d2d2d2d2d2d2d0d0af09f938420436f6d6d656e74203a207b6e6f7465737d0d0a0d0ae29c8520437573746f6d657220496e666f0d0a0d0a437573746f6d6572206e616d65203a207b637573746f6d65725f6e616d657d0d0a437573746f6d65722070686f6e65203a207b637573746f6d65725f6d6f62696c657d0d0a0d0af09f938d2044656c69766572792044657461696c730d0a0d0a41646472657373203a207b616464726573737d2c207b6275696c64696e677d2c207b6c616e646d61726b7d2c207b706f7374616c5f636f64657d0d0a0d0a2d2d2d2d2d2d2d2d2d2d2d2d2d2d2d2d2d2d2d2d2d2d2d2d2d2d2d0d0a44617465203a207b646174657d0d0a54696d65203a207b74696d657d0d0a2d2d2d2d2d2d2d2d2d2d2d2d2d2d2d2d2d2d2d2d2d2d2d2d2d2d2d0d0af09f92b3205061796d656e742074797065203a0d0a7b7061796d656e745f747970657d0d0a0d0a7b73746f72655f6e616d657d2077696c6c20636f6e6669726d20796f7572206f726465722075706f6e20726563656976696e6720746865206d6573736167652e0d0a0d0a547261636b20796f7572206f7264657220f09f91870d0a7b747261636b5f6f726465725f75726c7d0d0a0d0a436c69636b206865726520666f72206e657874206f7264657220f09f91870d0a7b73746f72655f75726c7d\'','NULL','NULL','X\'f09f94b5207b7174797d2058207b6974656d5f6e616d657d207b76617269616e7473646174617d202d207b6974656d5f70726963657d\'','1','4','2','\'#57bc68\'','\'#186d3d\'','NULL','NULL','NULL','NULL','\'1\'','2','1','\'banner-6582197c364e1.jpeg\'','NULL','NULL','X\'\'','\'default-cover.png\'','\'notification.mp3\'','NULL','NULL','NULL','NULL','NULL','NULL','NULL','NULL','NULL','NULL','NULL','NULL','2','2','NULL','\'2023-12-14 05:52:03\'','\'2023-12-20 06:37:52\'','NULL','NULL','\'#f0fff8\'','\'[\\\"#57bc68\\\",\\\"#8eec9d\\\"]\'','0.00'),('11','19','\'KD\'','\'left\'','2','2','\'logo-6581c524cf319.svg\'','\'favicon_default.png\'','\'1,2\'','\'Asia/Dubai\'','\'Your address\'','\'batool@gmail.com\'','X\'596f7572206465736372697074696f6e\'','\'Your contact\'','\'Copyright  2023 BirdsMedia. All Rights Reserved\'','\'Your store name\'','\'Your store name\'','X\'4465736372697074696f6e\'','\'default-og_image.png\'','NULL','NULL','NULL','NULL','NULL','NULL','NULL','NULL','\'Your facebook page link\'','\'Your twitter page link\'','\'Your instagram page link\'','\'Your linkedin page link\'','NULL','X\'48692c200d0a4920776f756c64206c696b6520746f20706c61636520616e206f7264657220f09f91870d0a2a7b64656c69766572795f747970657d2a204f72646572204e6f3a207b6f726465725f6e6f7d0d0a2d2d2d2d2d2d2d2d2d2d2d2d2d2d2d2d2d2d2d2d2d2d2d2d2d2d2d0d0a7b6974656d5f7661726961626c657d0d0a2d2d2d2d2d2d2d2d2d2d2d2d2d2d2d2d2d2d2d2d2d2d2d2d2d2d2d0d0af09f9189537562746f74616c203a207b7375625f746f74616c7d0d0af09f9189546178203a207b746f74616c5f7461787d0d0af09f918944656c697665727920636861726765203a207b64656c69766572795f6368617267657d0d0af09f9189446973636f756e74203a202d207b646973636f756e745f616d6f756e747d0d0a2d2d2d2d2d2d2d2d2d2d2d2d2d2d2d2d2d2d2d2d2d2d2d2d2d2d2d0d0af09f938320546f74616c203a207b6772616e645f746f74616c7d0d0a2d2d2d2d2d2d2d2d2d2d2d2d2d2d2d2d2d2d2d2d2d2d2d2d2d2d2d0d0af09f938420436f6d6d656e74203a207b6e6f7465737d0d0a0d0ae29c8520437573746f6d657220496e666f0d0a0d0a437573746f6d6572206e616d65203a207b637573746f6d65725f6e616d657d0d0a437573746f6d65722070686f6e65203a207b637573746f6d65725f6d6f62696c657d0d0a0d0af09f938d2044656c69766572792044657461696c730d0a0d0a41646472657373203a207b616464726573737d2c207b6275696c64696e677d2c207b6c616e646d61726b7d2c207b706f7374616c5f636f64657d0d0a0d0a2d2d2d2d2d2d2d2d2d2d2d2d2d2d2d2d2d2d2d2d2d2d2d2d2d2d2d0d0a44617465203a207b646174657d0d0a54696d65203a207b74696d657d0d0a2d2d2d2d2d2d2d2d2d2d2d2d2d2d2d2d2d2d2d2d2d2d2d2d2d2d2d0d0af09f92b3205061796d656e742074797065203a0d0a7b7061796d656e745f747970657d0d0a0d0a7b73746f72655f6e616d657d2077696c6c20636f6e6669726d20796f7572206f726465722075706f6e20726563656976696e6720746865206d6573736167652e0d0a0d0a547261636b20796f7572206f7264657220f09f91870d0a7b747261636b5f6f726465725f75726c7d0d0a0d0a436c69636b206865726520666f72206e657874206f7264657220f09f91870d0a7b73746f72655f75726c7d\'','X\'48692c200d0a4920776f756c64206c696b6520746f20706c61636520616e206f7264657220f09f91870d0a2a7b64656c69766572795f747970657d2a204f72646572204e6f3a207b6f726465725f6e6f7d0d0a2d2d2d2d2d2d2d2d2d2d2d2d2d2d2d2d2d2d2d2d2d2d2d2d2d2d2d0d0a7b6974656d5f7661726961626c657d0d0a2d2d2d2d2d2d2d2d2d2d2d2d2d2d2d2d2d2d2d2d2d2d2d2d2d2d2d0d0af09f9189537562746f74616c203a207b7375625f746f74616c7d0d0af09f9189546178203a207b746f74616c5f7461787d0d0af09f918944656c697665727920636861726765203a207b64656c69766572795f6368617267657d0d0af09f9189446973636f756e74203a202d207b646973636f756e745f616d6f756e747d0d0a2d2d2d2d2d2d2d2d2d2d2d2d2d2d2d2d2d2d2d2d2d2d2d2d2d2d2d0d0af09f938320546f74616c203a207b6772616e645f746f74616c7d0d0a2d2d2d2d2d2d2d2d2d2d2d2d2d2d2d2d2d2d2d2d2d2d2d2d2d2d2d0d0af09f938420436f6d6d656e74203a207b6e6f7465737d0d0a0d0ae29c8520437573746f6d657220496e666f0d0a0d0a437573746f6d6572206e616d65203a207b637573746f6d65725f6e616d657d0d0a437573746f6d65722070686f6e65203a207b637573746f6d65725f6d6f62696c657d0d0a0d0af09f938d2044656c69766572792044657461696c730d0a0d0a41646472657373203a207b616464726573737d2c207b6275696c64696e677d2c207b6c616e646d61726b7d2c207b706f7374616c5f636f64657d0d0a0d0a2d2d2d2d2d2d2d2d2d2d2d2d2d2d2d2d2d2d2d2d2d2d2d2d2d2d2d0d0a44617465203a207b646174657d0d0a54696d65203a207b74696d657d0d0a2d2d2d2d2d2d2d2d2d2d2d2d2d2d2d2d2d2d2d2d2d2d2d2d2d2d2d0d0af09f92b3205061796d656e742074797065203a0d0a7b7061796d656e745f747970657d0d0a0d0a7b73746f72655f6e616d657d2077696c6c20636f6e6669726d20796f7572206f726465722075706f6e20726563656976696e6720746865206d6573736167652e0d0a0d0a547261636b20796f7572206f7264657220f09f91870d0a7b747261636b5f6f726465725f75726c7d0d0a0d0a436c69636b206865726520666f72206e657874206f7264657220f09f91870d0a7b73746f72655f75726c7d\'','NULL','NULL','X\'f09f94b5207b7174797d2058207b6974656d5f6e616d657d207b76617269616e7473646174617d202d207b6974656d5f70726963657d\'','1','4','2','\'#1D5B79\'','\'#69ddf2\'','NULL','X\'326e6f2e62697264732e7265\'','NULL','NULL','\'1\'','2','1','\'banner-6581c4cb307c6.jpg\'','NULL','NULL','X\'\'','\'default-cover.png\'','\'notification.mp3\'','NULL','NULL','NULL','NULL','NULL','NULL','NULL','NULL','NULL','NULL','NULL','NULL','2','2','NULL','\'2023-12-19 22:37:33\'','\'2023-12-20 06:40:38\'','NULL','NULL','\'#fff0f0\'','\'[\\\"#ff9494\\\",\\\"#1D5B79\\\"]\'','0.00'),('12','20','\'KD\'','\'left\'','2','2','\'logo-65821b8ecd8ec.svg\'','\'favicon_default.png\'','\'1,2\'','\'Asia/Dubai\'','\'Your address\'','\'youremail@gmail.com\'','X\'596f7572206465736372697074696f6e\'','\'Your contact\'','\'Copyright  2023 BirdsMedia. All Rights Reserved\'','\'Your store name\'','\'Your store name\'','X\'4465736372697074696f6e\'','\'default-og_image.png\'','NULL','NULL','NULL','NULL','NULL','NULL','NULL','NULL','\'Your facebook page link\'','\'Your twitter page link\'','\'Your instagram page link\'','\'Your linkedin page link\'','NULL','X\'48692c200d0a4920776f756c64206c696b6520746f20706c61636520616e206f7264657220f09f91870d0a2a7b64656c69766572795f747970657d2a204f72646572204e6f3a207b6f726465725f6e6f7d0d0a2d2d2d2d2d2d2d2d2d2d2d2d2d2d2d2d2d2d2d2d2d2d2d2d2d2d2d0d0a7b6974656d5f7661726961626c657d0d0a2d2d2d2d2d2d2d2d2d2d2d2d2d2d2d2d2d2d2d2d2d2d2d2d2d2d2d0d0af09f9189537562746f74616c203a207b7375625f746f74616c7d0d0af09f9189546178203a207b746f74616c5f7461787d0d0af09f918944656c697665727920636861726765203a207b64656c69766572795f6368617267657d0d0af09f9189446973636f756e74203a202d207b646973636f756e745f616d6f756e747d0d0a2d2d2d2d2d2d2d2d2d2d2d2d2d2d2d2d2d2d2d2d2d2d2d2d2d2d2d0d0af09f938320546f74616c203a207b6772616e645f746f74616c7d0d0a2d2d2d2d2d2d2d2d2d2d2d2d2d2d2d2d2d2d2d2d2d2d2d2d2d2d2d0d0af09f938420436f6d6d656e74203a207b6e6f7465737d0d0a0d0ae29c8520437573746f6d657220496e666f0d0a0d0a437573746f6d6572206e616d65203a207b637573746f6d65725f6e616d657d0d0a437573746f6d65722070686f6e65203a207b637573746f6d65725f6d6f62696c657d0d0a0d0af09f938d2044656c69766572792044657461696c730d0a0d0a41646472657373203a207b616464726573737d2c207b6275696c64696e677d2c207b6c616e646d61726b7d2c207b706f7374616c5f636f64657d0d0a0d0a2d2d2d2d2d2d2d2d2d2d2d2d2d2d2d2d2d2d2d2d2d2d2d2d2d2d2d0d0a44617465203a207b646174657d0d0a54696d65203a207b74696d657d0d0a2d2d2d2d2d2d2d2d2d2d2d2d2d2d2d2d2d2d2d2d2d2d2d2d2d2d2d0d0af09f92b3205061796d656e742074797065203a0d0a7b7061796d656e745f747970657d0d0a0d0a7b73746f72655f6e616d657d2077696c6c20636f6e6669726d20796f7572206f726465722075706f6e20726563656976696e6720746865206d6573736167652e0d0a0d0a547261636b20796f7572206f7264657220f09f91870d0a7b747261636b5f6f726465725f75726c7d0d0a0d0a436c69636b206865726520666f72206e657874206f7264657220f09f91870d0a7b73746f72655f75726c7d\'','X\'48692c200d0a4920776f756c64206c696b6520746f20706c61636520616e206f7264657220f09f91870d0a2a7b64656c69766572795f747970657d2a204f72646572204e6f3a207b6f726465725f6e6f7d0d0a2d2d2d2d2d2d2d2d2d2d2d2d2d2d2d2d2d2d2d2d2d2d2d2d2d2d2d0d0a7b6974656d5f7661726961626c657d0d0a2d2d2d2d2d2d2d2d2d2d2d2d2d2d2d2d2d2d2d2d2d2d2d2d2d2d2d0d0af09f9189537562746f74616c203a207b7375625f746f74616c7d0d0af09f9189546178203a207b746f74616c5f7461787d0d0af09f918944656c697665727920636861726765203a207b64656c69766572795f6368617267657d0d0af09f9189446973636f756e74203a202d207b646973636f756e745f616d6f756e747d0d0a2d2d2d2d2d2d2d2d2d2d2d2d2d2d2d2d2d2d2d2d2d2d2d2d2d2d2d0d0af09f938320546f74616c203a207b6772616e645f746f74616c7d0d0a2d2d2d2d2d2d2d2d2d2d2d2d2d2d2d2d2d2d2d2d2d2d2d2d2d2d2d0d0af09f938420436f6d6d656e74203a207b6e6f7465737d0d0a0d0ae29c8520437573746f6d657220496e666f0d0a0d0a437573746f6d6572206e616d65203a207b637573746f6d65725f6e616d657d0d0a437573746f6d65722070686f6e65203a207b637573746f6d65725f6d6f62696c657d0d0a0d0af09f938d2044656c69766572792044657461696c730d0a0d0a41646472657373203a207b616464726573737d2c207b6275696c64696e677d2c207b6c616e646d61726b7d2c207b706f7374616c5f636f64657d0d0a0d0a2d2d2d2d2d2d2d2d2d2d2d2d2d2d2d2d2d2d2d2d2d2d2d2d2d2d2d0d0a44617465203a207b646174657d0d0a54696d65203a207b74696d657d0d0a2d2d2d2d2d2d2d2d2d2d2d2d2d2d2d2d2d2d2d2d2d2d2d2d2d2d2d0d0af09f92b3205061796d656e742074797065203a0d0a7b7061796d656e745f747970657d0d0a0d0a7b73746f72655f6e616d657d2077696c6c20636f6e6669726d20796f7572206f726465722075706f6e20726563656976696e6720746865206d6573736167652e0d0a0d0a547261636b20796f7572206f7264657220f09f91870d0a7b747261636b5f6f726465725f75726c7d0d0a0d0a436c69636b206865726520666f72206e657874206f7264657220f09f91870d0a7b73746f72655f75726c7d\'','NULL','NULL','X\'f09f94b5207b7174797d2058207b6974656d5f6e616d657d207b76617269616e7473646174617d202d207b6974656d5f70726963657d\'','1','4','2','\'#ff85c0\'','\'#6096B4\'','NULL','NULL','NULL','NULL','\'1\'','2','1','\'banner-65821afd4e09c.jpg\'','NULL','NULL','X\'\'','\'default-cover.png\'','\'notification.mp3\'','NULL','NULL','NULL','NULL','NULL','NULL','NULL','NULL','NULL','NULL','NULL','NULL','2','2','NULL','\'2023-12-20 06:35:38\'','\'2023-12-20 05:39:10\'','NULL','NULL','\'#fff0f9\'','\'[null,null]\'','0.00'),('13','21','\'KD\'','\'left\'','2','2','\'default.png\'','\'favicon_default.png\'','\'1,2\'','\'Asia/Dubai\'','\'Your address\'','\'youremail@gmail.com\'','X\'596f7572206465736372697074696f6e\'','\'Your contact\'','\'Copyright  2023 BirdsMedia. All Rights Reserved\'','\'Your store name\'','\'Your store name\'','X\'4465736372697074696f6e\'','\'default-og_image.png\'','NULL','NULL','NULL','NULL','NULL','NULL','NULL','NULL','\'Your facebook page link\'','\'Your twitter page link\'','\'Your instagram page link\'','\'Your linkedin page link\'','NULL','X\'48692c200d0a4920776f756c64206c696b6520746f20706c61636520616e206f7264657220f09f91870d0a2a7b64656c69766572795f747970657d2a204f72646572204e6f3a207b6f726465725f6e6f7d0d0a2d2d2d2d2d2d2d2d2d2d2d2d2d2d2d2d2d2d2d2d2d2d2d2d2d2d2d0d0a7b6974656d5f7661726961626c657d0d0a2d2d2d2d2d2d2d2d2d2d2d2d2d2d2d2d2d2d2d2d2d2d2d2d2d2d2d0d0af09f9189537562746f74616c203a207b7375625f746f74616c7d0d0af09f9189546178203a207b746f74616c5f7461787d0d0af09f918944656c697665727920636861726765203a207b64656c69766572795f6368617267657d0d0af09f9189446973636f756e74203a202d207b646973636f756e745f616d6f756e747d0d0a2d2d2d2d2d2d2d2d2d2d2d2d2d2d2d2d2d2d2d2d2d2d2d2d2d2d2d0d0af09f938320546f74616c203a207b6772616e645f746f74616c7d0d0a2d2d2d2d2d2d2d2d2d2d2d2d2d2d2d2d2d2d2d2d2d2d2d2d2d2d2d0d0af09f938420436f6d6d656e74203a207b6e6f7465737d0d0a0d0ae29c8520437573746f6d657220496e666f0d0a0d0a437573746f6d6572206e616d65203a207b637573746f6d65725f6e616d657d0d0a437573746f6d65722070686f6e65203a207b637573746f6d65725f6d6f62696c657d0d0a0d0af09f938d2044656c69766572792044657461696c730d0a0d0a41646472657373203a207b616464726573737d2c207b6275696c64696e677d2c207b6c616e646d61726b7d2c207b706f7374616c5f636f64657d0d0a0d0a2d2d2d2d2d2d2d2d2d2d2d2d2d2d2d2d2d2d2d2d2d2d2d2d2d2d2d0d0a44617465203a207b646174657d0d0a54696d65203a207b74696d657d0d0a2d2d2d2d2d2d2d2d2d2d2d2d2d2d2d2d2d2d2d2d2d2d2d2d2d2d2d0d0af09f92b3205061796d656e742074797065203a0d0a7b7061796d656e745f747970657d0d0a0d0a7b73746f72655f6e616d657d2077696c6c20636f6e6669726d20796f7572206f726465722075706f6e20726563656976696e6720746865206d6573736167652e0d0a0d0a547261636b20796f7572206f7264657220f09f91870d0a7b747261636b5f6f726465725f75726c7d0d0a0d0a436c69636b206865726520666f72206e657874206f7264657220f09f91870d0a7b73746f72655f75726c7d\'','X\'48692c200d0a4920776f756c64206c696b6520746f20706c61636520616e206f7264657220f09f91870d0a2a7b64656c69766572795f747970657d2a204f72646572204e6f3a207b6f726465725f6e6f7d0d0a2d2d2d2d2d2d2d2d2d2d2d2d2d2d2d2d2d2d2d2d2d2d2d2d2d2d2d0d0a7b6974656d5f7661726961626c657d0d0a2d2d2d2d2d2d2d2d2d2d2d2d2d2d2d2d2d2d2d2d2d2d2d2d2d2d2d0d0af09f9189537562746f74616c203a207b7375625f746f74616c7d0d0af09f9189546178203a207b746f74616c5f7461787d0d0af09f918944656c697665727920636861726765203a207b64656c69766572795f6368617267657d0d0af09f9189446973636f756e74203a202d207b646973636f756e745f616d6f756e747d0d0a2d2d2d2d2d2d2d2d2d2d2d2d2d2d2d2d2d2d2d2d2d2d2d2d2d2d2d0d0af09f938320546f74616c203a207b6772616e645f746f74616c7d0d0a2d2d2d2d2d2d2d2d2d2d2d2d2d2d2d2d2d2d2d2d2d2d2d2d2d2d2d0d0af09f938420436f6d6d656e74203a207b6e6f7465737d0d0a0d0ae29c8520437573746f6d657220496e666f0d0a0d0a437573746f6d6572206e616d65203a207b637573746f6d65725f6e616d657d0d0a437573746f6d65722070686f6e65203a207b637573746f6d65725f6d6f62696c657d0d0a0d0af09f938d2044656c69766572792044657461696c730d0a0d0a41646472657373203a207b616464726573737d2c207b6275696c64696e677d2c207b6c616e646d61726b7d2c207b706f7374616c5f636f64657d0d0a0d0a2d2d2d2d2d2d2d2d2d2d2d2d2d2d2d2d2d2d2d2d2d2d2d2d2d2d2d0d0a44617465203a207b646174657d0d0a54696d65203a207b74696d657d0d0a2d2d2d2d2d2d2d2d2d2d2d2d2d2d2d2d2d2d2d2d2d2d2d2d2d2d2d0d0af09f92b3205061796d656e742074797065203a0d0a7b7061796d656e745f747970657d0d0a0d0a7b73746f72655f6e616d657d2077696c6c20636f6e6669726d20796f7572206f726465722075706f6e20726563656976696e6720746865206d6573736167652e0d0a0d0a547261636b20796f7572206f7264657220f09f91870d0a7b747261636b5f6f726465725f75726c7d0d0a0d0a436c69636b206865726520666f72206e657874206f7264657220f09f91870d0a7b73746f72655f75726c7d\'','NULL','NULL','X\'f09f94b5207b7174797d2058207b6974656d5f6e616d657d207b76617269616e7473646174617d202d207b6974656d5f70726963657d\'','1','1','1','\'#181D31\'','\'#6096B4\'','NULL','NULL','NULL','NULL','\'1\'','2','1','\'default-banner.png\'','NULL','NULL','NULL','\'default-cover.png\'','\'notification.mp3\'','NULL','NULL','NULL','NULL','NULL','NULL','NULL','NULL','NULL','NULL','NULL','NULL','2','2','NULL','\'2023-12-23 02:08:25\'','\'2023-12-23 02:08:25\'','NULL','NULL','NULL','NULL','0.00'),('14','22','\'KD\'','\'left\'','2','2','\'default.png\'','\'favicon_default.png\'','\'1,2\'','\'Asia/Dubai\'','\'Your address\'','\'youremail@gmail.com\'','X\'596f7572206465736372697074696f6e\'','\'Your contact\'','\'Copyright  2023 BirdsMedia. All Rights Reserved\'','\'Your store name\'','\'Your store name\'','X\'4465736372697074696f6e\'','\'default-og_image.png\'','NULL','NULL','NULL','NULL','NULL','NULL','NULL','NULL','\'Your facebook page link\'','\'Your twitter page link\'','\'Your instagram page link\'','\'Your linkedin page link\'','NULL','X\'48692c200a4920776f756c64206c696b6520746f20706c61636520616e206f7264657220f09f91870a2a7b64656c69766572795f747970657d2a204f72646572204e6f3a207b6f726465725f6e6f7d0a2d2d2d2d2d2d2d2d2d2d2d2d2d2d2d2d2d2d2d2d2d2d2d2d2d2d2d0a7b6974656d5f7661726961626c657d0a2d2d2d2d2d2d2d2d2d2d2d2d2d2d2d2d2d2d2d2d2d2d2d2d2d2d2d0af09f9189537562746f74616c203a207b7375625f746f74616c7d0af09f9189546178203a207b746f74616c5f7461787d0af09f918944656c697665727920636861726765203a207b64656c69766572795f6368617267657d0af09f9189446973636f756e74203a202d207b646973636f756e745f616d6f756e747d0a2d2d2d2d2d2d2d2d2d2d2d2d2d2d2d2d2d2d2d2d2d2d2d2d2d2d2d0af09f938320546f74616c203a207b6772616e645f746f74616c7d0a2d2d2d2d2d2d2d2d2d2d2d2d2d2d2d2d2d2d2d2d2d2d2d2d2d2d2d0af09f938420436f6d6d656e74203a207b6e6f7465737d0a0ae29c8520437573746f6d657220496e666f0a0a437573746f6d6572206e616d65203a207b637573746f6d65725f6e616d657d0a437573746f6d65722070686f6e65203a207b637573746f6d65725f6d6f62696c657d0a0af09f938d2044656c69766572792044657461696c730a0a41646472657373203a207b616464726573737d2c207b6275696c64696e677d2c207b6c616e646d61726b7d2c207b706f7374616c5f636f64657d0a0a2d2d2d2d2d2d2d2d2d2d2d2d2d2d2d2d2d2d2d2d2d2d2d2d2d2d2d0a44617465203a207b646174657d0a54696d65203a207b74696d657d0a2d2d2d2d2d2d2d2d2d2d2d2d2d2d2d2d2d2d2d2d2d2d2d2d2d2d2d0af09f92b3205061796d656e742074797065203a0a7b7061796d656e745f747970657d0a0a7b73746f72655f6e616d657d2077696c6c20636f6e6669726d20796f7572206f726465722075706f6e20726563656976696e6720746865206d6573736167652e0a0a547261636b20796f7572206f7264657220f09f91870a7b747261636b5f6f726465725f75726c7d0a0a436c69636b206865726520666f72206e657874206f7264657220f09f91870a7b73746f72655f75726c7d\'','X\'48692c200a4920776f756c64206c696b6520746f20706c61636520616e206f7264657220f09f91870a2a7b64656c69766572795f747970657d2a204f72646572204e6f3a207b6f726465725f6e6f7d0a2d2d2d2d2d2d2d2d2d2d2d2d2d2d2d2d2d2d2d2d2d2d2d2d2d2d2d0a7b6974656d5f7661726961626c657d0a2d2d2d2d2d2d2d2d2d2d2d2d2d2d2d2d2d2d2d2d2d2d2d2d2d2d2d0af09f9189537562746f74616c203a207b7375625f746f74616c7d0af09f9189546178203a207b746f74616c5f7461787d0af09f918944656c697665727920636861726765203a207b64656c69766572795f6368617267657d0af09f9189446973636f756e74203a202d207b646973636f756e745f616d6f756e747d0a2d2d2d2d2d2d2d2d2d2d2d2d2d2d2d2d2d2d2d2d2d2d2d2d2d2d2d0af09f938320546f74616c203a207b6772616e645f746f74616c7d0a2d2d2d2d2d2d2d2d2d2d2d2d2d2d2d2d2d2d2d2d2d2d2d2d2d2d2d0af09f938420436f6d6d656e74203a207b6e6f7465737d0a0ae29c8520437573746f6d657220496e666f0a0a437573746f6d6572206e616d65203a207b637573746f6d65725f6e616d657d0a437573746f6d65722070686f6e65203a207b637573746f6d65725f6d6f62696c657d0a0af09f938d2044656c69766572792044657461696c730a0a41646472657373203a207b616464726573737d2c207b6275696c64696e677d2c207b6c616e646d61726b7d2c207b706f7374616c5f636f64657d0a0a2d2d2d2d2d2d2d2d2d2d2d2d2d2d2d2d2d2d2d2d2d2d2d2d2d2d2d0a44617465203a207b646174657d0a54696d65203a207b74696d657d0a2d2d2d2d2d2d2d2d2d2d2d2d2d2d2d2d2d2d2d2d2d2d2d2d2d2d2d0af09f92b3205061796d656e742074797065203a0a7b7061796d656e745f747970657d0a0a7b73746f72655f6e616d657d2077696c6c20636f6e6669726d20796f7572206f726465722075706f6e20726563656976696e6720746865206d6573736167652e0a0a547261636b20796f7572206f7264657220f09f91870a7b747261636b5f6f726465725f75726c7d0a0a436c69636b206865726520666f72206e657874206f7264657220f09f91870a7b73746f72655f75726c7d\'','NULL','NULL','X\'f09f94b5207b7174797d2058207b6974656d5f6e616d657d207b76617269616e7473646174617d202d207b6974656d5f70726963657d\'','1','4','1','\'#181D31\'','\'#6096B4\'','NULL','NULL','NULL','NULL','\'1\'','2','1','\'default-banner.png\'','NULL','NULL','NULL','\'default-cover.png\'','\'notification.mp3\'','NULL','NULL','NULL','NULL','NULL','NULL','NULL','NULL','NULL','NULL','NULL','NULL','2','2','NULL','\'2023-12-28 03:07:06\'','\'2023-12-28 03:07:06\'','NULL','NULL','NULL','NULL','0.00');

INSERT INTO subscribers(id,vendor_id,email,created_at,updated_at) VALUES('1','1','\'hDiMki.thjcjbp@tonetics.biz\'','\'2023-12-15 16:41:58\'','\'2023-12-15 16:41:58\''),('2','1','\'EomOiP.thtdhjt@tonetics.biz\'','\'2023-12-15 21:34:29\'','\'2023-12-15 21:34:29\''),('3','1','\'XIxrmD.ttdqhbh@tonetics.biz\'','\'2023-12-16 10:45:01\'','\'2023-12-16 10:45:01\''),('4','1','\'Udjxjo.ttwbcpq@tonetics.biz\'','\'2023-12-16 16:12:34\'','\'2023-12-16 16:12:34\''),('5','1','\'AXoWXn.tbtbbtp@tonetics.biz\'','\'2023-12-17 12:58:33\'','\'2023-12-17 12:58:33\''),('6','1','\'yBCHkE.tcpcmtw@tonetics.biz\'','\'2023-12-18 08:08:24\'','\'2023-12-18 08:08:24\''),('7','1','\'VKtpnz.tpdjmqw@tonetics.biz\'','\'2023-12-18 16:14:01\'','\'2023-12-18 16:14:01\''),('8','1','\'JXYzXk.tpcbbbq@tonetics.biz\'','\'2023-12-18 18:39:39\'','\'2023-12-18 18:39:39\''),('9','1','\'FnsEjM.tpwjcdm@tonetics.biz\'','\'2023-12-18 20:29:14\'','\'2023-12-18 20:29:14\''),('10','1','\'yxHWvb.twdphdm@tonetics.biz\'','\'2023-12-19 04:30:11\'','\'2023-12-19 04:30:11\'');

INSERT INTO systemaddons(id,name,unique_identifier,version,activated,image,type,created_at,updated_at) VALUES('1','\'Google Analytics\'','\'google_analytics\'','\'3.0\'','1','\'google_analytics.jpg\'','NULL','\'2023-09-07 17:44:07\'','\'2023-09-07 17:44:07\''),('2','\'Blogs\'','\'blog\'','\'3.0\'','1','\'blog.jpg\'','NULL','\'2023-09-07 17:44:10\'','\'2023-09-07 17:44:10\''),('3','\'Coupons\'','\'coupon\'','\'3.0\'','1','\'coupons.jpg\'','NULL','\'2023-09-07 17:44:13\'','\'2023-09-07 17:44:13\''),('4','\'Custom Domain\'','\'custom_domain\'','\'3.0\'','1','\'custom_domain.jpg\'','NULL','\'2023-09-07 17:44:17\'','\'2023-09-07 17:44:17\''),('5','\'Multiple Languages\'','\'language\'','\'3.0\'','1','\'language.jpg\'','NULL','\'2023-09-07 17:44:20\'','\'2023-09-07 17:44:20\''),('6','\'Subscription\'','\'subscription\'','\'3.0\'','1','\'subscription.jpg\'','NULL','\'2023-09-07 17:44:24\'','\'2023-09-07 17:44:24\''),('7','\'Multiple Themes\'','\'template\'','\'3.0\'','1','\'template.jpg\'','NULL','\'2023-09-07 17:44:27\'','\'2023-09-07 17:44:27\''),('8','\'POS\'','\'pos\'','\'3.0\'','1','\'pos.jpg\'','NULL','\'2023-09-07 17:44:46\'','\'2023-09-07 17:44:46\''),('9','\'Myfatoorah\'','\'myfatoorah\'','\'3.0\'','1','\'myfatoorah.jpg\'','NULL','\'2023-09-07 17:46:53\'','\'2023-09-07 17:46:53\'');


INSERT INTO table_book(id,vendor_id,event,people,event_date,event_time,name,mobile,email,notes,created_at,updated_at) VALUES('1','3','\'efdsf\'','85','\'2023-09-13\'','\'06:53\'','\'ahmad abdelaziz\'','55140309','\'ahmad.abdelaziz92@live.com\'','NULL','\'2023-09-09 05:54:04\'','\'2023-09-09 05:54:04\'');


INSERT INTO terms(id,vendor_id,terms_content,created_at,updated_at) VALUES('1','1','X\'3c703e3c6269673e3c7374726f6e673e5465726d73202620436f6e646974696f6e733c2f7374726f6e673e3c2f6269673e3c2f703e0d0a0d0a3c703e266e6273703b3c2f703e0d0a0d0a3c703e2671756f743b5365642075742070657273706963696174697320756e6465206f6d6e69732069737465206e61747573206572726f722073697420766f6c7570746174656d206163637573616e7469756d20646f6c6f72656d717565206c617564616e7469756d2c20746f74616d2072656d206170657269616d2c2065617175652069707361207175616520616220696c6c6f20696e76656e746f726520766572697461746973206574207175617369206172636869746563746f206265617461652076697461652064696374612073756e74206578706c696361626f2e204e656d6f20656e696d20697073616d20766f6c7570746174656d207175696120766f6c7570746173207369742061737065726e6174757220617574206f646974206175742066756769742c20736564207175696120636f6e73657175756e747572206d61676e6920646f6c6f72657320656f732071756920726174696f6e6520766f6c7570746174656d207365717569206e65736369756e742e204e6571756520706f72726f20717569737175616d206573742c2071756920646f6c6f72656d20697073756d207175696120646f6c6f722073697420616d65742c20636f6e73656374657475722c2061646970697363692076656c69742c207365642071756961206e6f6e206e756d7175616d2065697573206d6f64692074656d706f726120696e636964756e74207574206c61626f726520657420646f6c6f7265206d61676e616d20616c697175616d207175616572617420766f6c7570746174656d2e20557420656e696d206164206d696e696d612076656e69616d2c2071756973206e6f737472756d20657865726369746174696f6e656d20756c6c616d20636f72706f726973207375736369706974206c61626f72696f73616d2c206e69736920757420616c697175696420657820656120636f6d6d6f646920636f6e73657175617475723f205175697320617574656d2076656c2065756d206975726520726570726568656e64657269742071756920696e20656120766f6c7570746174652076656c69742065737365207175616d206e6968696c206d6f6c65737469616520636f6e73657175617475722c2076656c20696c6c756d2071756920646f6c6f72656d2065756d206675676961742071756f20766f6c7570746173206e756c6c612070617269617475723f2671756f743b3c2f703e0d0a0d0a3c703e266e6273703b3c2f703e0d0a0d0a3c703e2671756f743b5365642075742070657273706963696174697320756e6465206f6d6e69732069737465206e61747573206572726f722073697420766f6c7570746174656d206163637573616e7469756d20646f6c6f72656d717565206c617564616e7469756d2c20746f74616d2072656d206170657269616d2c2065617175652069707361207175616520616220696c6c6f20696e76656e746f726520766572697461746973206574207175617369206172636869746563746f206265617461652076697461652064696374612073756e74206578706c696361626f2e204e656d6f20656e696d20697073616d20766f6c7570746174656d207175696120766f6c7570746173207369742061737065726e6174757220617574206f646974206175742066756769742c20736564207175696120636f6e73657175756e747572206d61676e6920646f6c6f72657320656f732071756920726174696f6e6520766f6c7570746174656d207365717569206e65736369756e742e204e6571756520706f72726f20717569737175616d206573742c2071756920646f6c6f72656d20697073756d207175696120646f6c6f722073697420616d65742c20636f6e73656374657475722c2061646970697363692076656c69742c207365642071756961206e6f6e206e756d7175616d2065697573206d6f64692074656d706f726120696e636964756e74207574206c61626f726520657420646f6c6f7265206d61676e616d20616c697175616d207175616572617420766f6c7570746174656d2e20557420656e696d206164206d696e696d612076656e69616d2c2071756973206e6f737472756d20657865726369746174696f6e656d20756c6c616d20636f72706f726973207375736369706974206c61626f72696f73616d2c206e69736920757420616c697175696420657820656120636f6d6d6f646920636f6e73657175617475723f205175697320617574656d2076656c2065756d206975726520726570726568656e64657269742071756920696e20656120766f6c7570746174652076656c69742065737365207175616d206e6968696c206d6f6c65737469616520636f6e73657175617475722c2076656c20696c6c756d2071756920646f6c6f72656d2065756d206675676961742071756f20766f6c7570746173206e756c6c612070617269617475723f2671756f743b3c2f703e0d0a0d0a3c703e266e6273703b3c2f703e0d0a0d0a3c703e2671756f743b5365642075742070657273706963696174697320756e6465206f6d6e69732069737465206e61747573206572726f722073697420766f6c7570746174656d206163637573616e7469756d20646f6c6f72656d717565206c617564616e7469756d2c20746f74616d2072656d206170657269616d2c2065617175652069707361207175616520616220696c6c6f20696e76656e746f726520766572697461746973206574207175617369206172636869746563746f206265617461652076697461652064696374612073756e74206578706c696361626f2e204e656d6f20656e696d20697073616d20766f6c7570746174656d207175696120766f6c7570746173207369742061737065726e6174757220617574206f646974206175742066756769742c20736564207175696120636f6e73657175756e747572206d61676e6920646f6c6f72657320656f732071756920726174696f6e6520766f6c7570746174656d207365717569206e65736369756e742e204e6571756520706f72726f20717569737175616d206573742c2071756920646f6c6f72656d20697073756d207175696120646f6c6f722073697420616d65742c20636f6e73656374657475722c2061646970697363692076656c69742c207365642071756961206e6f6e206e756d7175616d2065697573206d6f64692074656d706f726120696e636964756e74207574206c61626f726520657420646f6c6f7265206d61676e616d20616c697175616d207175616572617420766f6c7570746174656d2e20557420656e696d206164206d696e696d612076656e69616d2c2071756973206e6f737472756d20657865726369746174696f6e656d20756c6c616d20636f72706f726973207375736369706974206c61626f72696f73616d2c206e69736920757420616c697175696420657820656120636f6d6d6f646920636f6e73657175617475723f205175697320617574656d2076656c2065756d206975726520726570726568656e64657269742071756920696e20656120766f6c7570746174652076656c69742065737365207175616d206e6968696c206d6f6c65737469616520636f6e73657175617475722c2076656c20696c6c756d2071756920646f6c6f72656d2065756d206675676961742071756f20766f6c7570746173206e756c6c612070617269617475723f2671756f743b3c2f703e0d0a0d0a3c703e266e6273703b3c2f703e0d0a0d0a3c703e2671756f743b5365642075742070657273706963696174697320756e6465206f6d6e69732069737465206e61747573206572726f722073697420766f6c7570746174656d206163637573616e7469756d20646f6c6f72656d717565206c617564616e7469756d2c20746f74616d2072656d206170657269616d2c2065617175652069707361207175616520616220696c6c6f20696e76656e746f726520766572697461746973206574207175617369206172636869746563746f206265617461652076697461652064696374612073756e74206578706c696361626f2e204e656d6f20656e696d20697073616d20766f6c7570746174656d207175696120766f6c7570746173207369742061737065726e6174757220617574206f646974206175742066756769742c20736564207175696120636f6e73657175756e747572206d61676e6920646f6c6f72657320656f732071756920726174696f6e6520766f6c7570746174656d207365717569206e65736369756e742e204e6571756520706f72726f20717569737175616d206573742c2071756920646f6c6f72656d20697073756d207175696120646f6c6f722073697420616d65742c20636f6e73656374657475722c2061646970697363692076656c69742c207365642071756961206e6f6e206e756d7175616d2065697573206d6f64692074656d706f726120696e636964756e74207574206c61626f726520657420646f6c6f7265206d61676e616d20616c697175616d207175616572617420766f6c7570746174656d2e20557420656e696d206164206d696e696d612076656e69616d2c2071756973206e6f737472756d20657865726369746174696f6e656d20756c6c616d20636f72706f726973207375736369706974206c61626f72696f73616d2c206e69736920757420616c697175696420657820656120636f6d6d6f646920636f6e73657175617475723f205175697320617574656d2076656c2065756d206975726520726570726568656e64657269742071756920696e20656120766f6c7570746174652076656c69742065737365207175616d206e6968696c206d6f6c65737469616520636f6e73657175617475722c2076656c20696c6c756d2071756920646f6c6f72656d2065756d206675676961742071756f20766f6c7570746173206e756c6c612070617269617475723f2671756f743b3c2f703e0d0a0d0a3c703e266e6273703b3c2f703e0d0a0d0a3c703e2671756f743b5365642075742070657273706963696174697320756e6465206f6d6e69732069737465206e61747573206572726f722073697420766f6c7570746174656d206163637573616e7469756d20646f6c6f72656d717565206c617564616e7469756d2c20746f74616d2072656d206170657269616d2c2065617175652069707361207175616520616220696c6c6f20696e76656e746f726520766572697461746973206574207175617369206172636869746563746f206265617461652076697461652064696374612073756e74206578706c696361626f2e204e656d6f20656e696d20697073616d20766f6c7570746174656d207175696120766f6c7570746173207369742061737065726e6174757220617574206f646974206175742066756769742c20736564207175696120636f6e73657175756e747572206d61676e6920646f6c6f72657320656f732071756920726174696f6e6520766f6c7570746174656d207365717569206e65736369756e742e204e6571756520706f72726f20717569737175616d206573742c2071756920646f6c6f72656d20697073756d207175696120646f6c6f722073697420616d65742c20636f6e73656374657475722c2061646970697363692076656c69742c207365642071756961206e6f6e206e756d7175616d2065697573206d6f64692074656d706f726120696e636964756e74207574206c61626f726520657420646f6c6f7265206d61676e616d20616c697175616d207175616572617420766f6c7570746174656d2e20557420656e696d206164206d696e696d612076656e69616d2c2071756973206e6f737472756d20657865726369746174696f6e656d20756c6c616d20636f72706f726973207375736369706974206c61626f72696f73616d2c206e69736920757420616c697175696420657820656120636f6d6d6f646920636f6e73657175617475723f205175697320617574656d2076656c2065756d206975726520726570726568656e64657269742071756920696e20656120766f6c7570746174652076656c69742065737365207175616d206e6968696c206d6f6c65737469616520636f6e73657175617475722c2076656c20696c6c756d2071756920646f6c6f72656d2065756d206675676961742071756f20766f6c7570746173206e756c6c612070617269617475723f2671756f743b3c2f703e0d0a0d0a3c703e266e6273703b3c2f703e0d0a0d0a3c703e2671756f743b5365642075742070657273706963696174697320756e6465206f6d6e69732069737465206e61747573206572726f722073697420766f6c7570746174656d206163637573616e7469756d20646f6c6f72656d717565206c617564616e7469756d2c20746f74616d2072656d206170657269616d2c2065617175652069707361207175616520616220696c6c6f20696e76656e746f726520766572697461746973206574207175617369206172636869746563746f206265617461652076697461652064696374612073756e74206578706c696361626f2e204e656d6f20656e696d20697073616d20766f6c7570746174656d207175696120766f6c7570746173207369742061737065726e6174757220617574206f646974206175742066756769742c20736564207175696120636f6e73657175756e747572206d61676e6920646f6c6f72657320656f732071756920726174696f6e6520766f6c7570746174656d207365717569206e65736369756e742e204e6571756520706f72726f20717569737175616d206573742c2071756920646f6c6f72656d20697073756d207175696120646f6c6f722073697420616d65742c20636f6e73656374657475722c2061646970697363692076656c69742c207365642071756961206e6f6e206e756d7175616d2065697573206d6f64692074656d706f726120696e636964756e74207574206c61626f726520657420646f6c6f7265206d61676e616d20616c697175616d207175616572617420766f6c7570746174656d2e20557420656e696d206164206d696e696d612076656e69616d2c2071756973206e6f737472756d20657865726369746174696f6e656d20756c6c616d20636f72706f726973207375736369706974206c61626f72696f73616d2c206e69736920757420616c697175696420657820656120636f6d6d6f646920636f6e73657175617475723f205175697320617574656d2076656c2065756d206975726520726570726568656e64657269742071756920696e20656120766f6c7570746174652076656c69742065737365207175616d206e6968696c206d6f6c65737469616520636f6e73657175617475722c2076656c20696c6c756d2071756920646f6c6f72656d2065756d206675676961742071756f20766f6c7570746173206e756c6c612070617269617475723f2671756f743b3c2f703e0d0a0d0a3c703e266e6273703b3c2f703e0d0a0d0a3c703e2671756f743b5365642075742070657273706963696174697320756e6465206f6d6e69732069737465206e61747573206572726f722073697420766f6c7570746174656d206163637573616e7469756d20646f6c6f72656d717565206c617564616e7469756d2c20746f74616d2072656d206170657269616d2c2065617175652069707361207175616520616220696c6c6f20696e76656e746f726520766572697461746973206574207175617369206172636869746563746f206265617461652076697461652064696374612073756e74206578706c696361626f2e204e656d6f20656e696d20697073616d20766f6c7570746174656d207175696120766f6c7570746173207369742061737065726e6174757220617574206f646974206175742066756769742c20736564207175696120636f6e73657175756e747572206d61676e6920646f6c6f72657320656f732071756920726174696f6e6520766f6c7570746174656d207365717569206e65736369756e742e204e6571756520706f72726f20717569737175616d206573742c2071756920646f6c6f72656d20697073756d207175696120646f6c6f722073697420616d65742c20636f6e73656374657475722c2061646970697363692076656c69742c207365642071756961206e6f6e206e756d7175616d2065697573206d6f64692074656d706f726120696e636964756e74207574206c61626f726520657420646f6c6f7265206d61676e616d20616c697175616d207175616572617420766f6c7570746174656d2e20557420656e696d206164206d696e696d612076656e69616d2c2071756973206e6f737472756d20657865726369746174696f6e656d20756c6c616d20636f72706f726973207375736369706974206c61626f72696f73616d2c206e69736920757420616c697175696420657820656120636f6d6d6f646920636f6e73657175617475723f205175697320617574656d2076656c2065756d206975726520726570726568656e64657269742071756920696e20656120766f6c7570746174652076656c69742065737365207175616d206e6968696c206d6f6c65737469616520636f6e73657175617475722c2076656c20696c6c756d2071756920646f6c6f72656d2065756d206675676961742071756f20766f6c7570746173206e756c6c612070617269617475723f2671756f743b3c2f703e\'','\'2023-07-25 05:45:28\'','\'2023-07-25 05:45:28\''),('2','5','X\'3c68313e53757065722066617374205768617473417070206f7264653c2f68313e0d0a0d0a3c703e4c6576657261676520576861747341707020617320706c6174666f726d20746f20616363657074206f72646572732e204372656174652061206469676974616c206d656e7520666f7220796f75722052657374617572616e74206f72204261722e205368617265207769746820796f757220636c69656e747320616e64206c6574207468656d206f7264657220766961204d6f62696c653c2f703e\'','\'2023-12-30 23:46:36\'','\'2023-12-30 23:46:36\'');


INSERT INTO timings(id,vendor_id,day,open_time,break_start,break_end,close_time,is_always_close,created_at,updated_at) VALUES('1','2','\'Monday\'','\'09:00 AM\'','\'01:00 PM\'','\'02:00 PM\'','\'09:00 PM\'','2','\'2023-09-09 02:14:35\'','\'2023-09-09 02:14:35\''),('2','2','\'Tuesday\'','\'09:00 AM\'','\'01:00 PM\'','\'02:00 PM\'','\'09:00 PM\'','2','\'2023-09-09 02:14:35\'','\'2023-09-09 02:14:35\''),('3','2','\'Wednesday\'','\'09:00 AM\'','\'01:00 PM\'','\'02:00 PM\'','\'09:00 PM\'','2','\'2023-09-09 02:14:35\'','\'2023-09-09 02:14:35\''),('4','2','\'Thursday\'','\'09:00 AM\'','\'01:00 PM\'','\'02:00 PM\'','\'09:00 PM\'','2','\'2023-09-09 02:14:35\'','\'2023-09-09 02:14:35\''),('5','2','\'Friday\'','\'09:00 AM\'','\'01:00 PM\'','\'02:00 PM\'','\'09:00 PM\'','2','\'2023-09-09 02:14:35\'','\'2023-09-09 02:14:35\''),('6','2','\'Saturday\'','\'09:00 AM\'','\'01:00 PM\'','\'02:00 PM\'','\'09:00 PM\'','2','\'2023-09-09 02:14:35\'','\'2023-09-09 02:14:35\''),('7','2','\'Sunday\'','\'09:00 AM\'','\'01:00 PM\'','\'02:00 PM\'','\'09:00 PM\'','2','\'2023-09-09 02:14:35\'','\'2023-09-09 02:14:35\''),('8','3','\'Monday\'','\'09:00 AM\'','\'\'','\'\'','\'09:00 PM\'','2','\'2023-09-09 05:50:25\'','\'2023-09-09 05:50:25\''),('9','3','\'Tuesday\'','\'09:00 AM\'','\'\'','\'\'','\'09:00 PM\'','2','\'2023-09-09 05:50:25\'','\'2023-09-09 05:50:25\''),('10','3','\'Wednesday\'','\'09:00 AM\'','\'\'','\'\'','\'09:00 PM\'','2','\'2023-09-09 05:50:25\'','\'2023-09-09 05:50:25\''),('11','3','\'Thursday\'','\'09:00 AM\'','\'\'','\'\'','\'09:00 PM\'','2','\'2023-09-09 05:50:25\'','\'2023-09-09 05:50:25\''),('12','3','\'Friday\'','\'09:00 AM\'','\'\'','\'\'','\'09:00 PM\'','2','\'2023-09-09 05:50:25\'','\'2023-09-09 05:50:25\''),('13','3','\'Saturday\'','\'09:00 AM\'','\'\'','\'\'','\'09:00 PM\'','2','\'2023-09-09 05:50:25\'','\'2023-09-09 05:50:25\''),('14','3','\'Sunday\'','\'09:00 AM\'','\'\'','\'\'','\'09:00 PM\'','2','\'2023-09-09 05:50:25\'','\'2023-09-09 05:50:25\''),('15','4','\'Monday\'','\'09:00 AM\'','\'01:00 PM\'','\'02:00 PM\'','\'09:00 PM\'','2','\'2023-09-12 16:30:50\'','\'2023-09-12 16:30:50\''),('16','4','\'Tuesday\'','\'09:00 AM\'','\'01:00 PM\'','\'02:00 PM\'','\'09:00 PM\'','2','\'2023-09-12 16:30:50\'','\'2023-09-12 16:30:50\''),('17','4','\'Wednesday\'','\'09:00 AM\'','\'01:00 PM\'','\'02:00 PM\'','\'09:00 PM\'','2','\'2023-09-12 16:30:50\'','\'2023-09-12 16:30:50\''),('18','4','\'Thursday\'','\'09:00 AM\'','\'01:00 PM\'','\'02:00 PM\'','\'09:00 PM\'','2','\'2023-09-12 16:30:50\'','\'2023-09-12 16:30:50\''),('19','4','\'Friday\'','\'09:00 AM\'','\'01:00 PM\'','\'02:00 PM\'','\'09:00 PM\'','2','\'2023-09-12 16:30:50\'','\'2023-09-12 16:30:50\''),('20','4','\'Saturday\'','\'09:00 AM\'','\'01:00 PM\'','\'02:00 PM\'','\'09:00 PM\'','2','\'2023-09-12 16:30:50\'','\'2023-09-12 16:30:50\''),('21','4','\'Sunday\'','\'09:00 AM\'','\'01:00 PM\'','\'02:00 PM\'','\'09:00 PM\'','2','\'2023-09-12 16:30:50\'','\'2023-09-12 16:30:50\''),('22','5','\'Monday\'','\'09:00 AM\'','\'01:30 PM\'','\'02:00 PM\'','\'09:00 PM\'','2','\'2024-02-11 00:57:33\'','\'2024-02-10 23:57:33\''),('23','5','\'Tuesday\'','\'09:00 AM\'','\'01:00 PM\'','\'02:00 PM\'','\'09:00 PM\'','2','\'2024-02-11 00:57:33\'','\'2024-02-10 23:57:33\''),('24','5','\'Wednesday\'','\'09:00 AM\'','\'01:00 PM\'','\'02:00 PM\'','\'09:00 PM\'','2','\'2024-02-11 00:57:33\'','\'2024-02-10 23:57:33\''),('25','5','\'Thursday\'','\'09:00 AM\'','\'01:00 PM\'','\'02:00 PM\'','\'09:00 PM\'','2','\'2024-02-11 00:57:33\'','\'2024-02-10 23:57:33\''),('26','5','\'Friday\'','\'11:30 AM\'','\'11:00 PM\'','\'12:30 PM\'','\'11:00 PM\'','2','\'2024-02-11 00:57:33\'','\'2024-02-10 23:57:33\''),('27','5','\'Saturday\'','\'12:00 AM\'','\'12:00 AM\'','\'12:00 AM\'','\'11:59 PM\'','1','\'2024-02-11 00:57:33\'','\'2024-02-10 23:57:33\''),('28','5','\'Sunday\'','\'01:00 AM\'','\'03:00 AM\'','\'05:00 AM\'','\'08:00 AM\'','2','\'2024-02-11 00:57:33\'','\'2024-02-10 23:57:33\''),('29','18','\'Monday\'','\'09:00 AM\'','\'01:00 PM\'','\'02:00 PM\'','\'09:00 PM\'','2','\'2023-12-14 05:52:03\'','\'2023-12-14 05:52:03\''),('30','18','\'Tuesday\'','\'09:00 AM\'','\'01:00 PM\'','\'02:00 PM\'','\'09:00 PM\'','2','\'2023-12-14 05:52:03\'','\'2023-12-14 05:52:03\''),('31','18','\'Wednesday\'','\'09:00 AM\'','\'01:00 PM\'','\'02:00 PM\'','\'09:00 PM\'','2','\'2023-12-14 05:52:03\'','\'2023-12-14 05:52:03\''),('32','18','\'Thursday\'','\'09:00 AM\'','\'01:00 PM\'','\'02:00 PM\'','\'09:00 PM\'','2','\'2023-12-14 05:52:03\'','\'2023-12-14 05:52:03\''),('33','18','\'Friday\'','\'09:00 AM\'','\'01:00 PM\'','\'02:00 PM\'','\'09:00 PM\'','2','\'2023-12-14 05:52:03\'','\'2023-12-14 05:52:03\''),('34','18','\'Saturday\'','\'09:00 AM\'','\'01:00 PM\'','\'02:00 PM\'','\'09:00 PM\'','2','\'2023-12-14 05:52:03\'','\'2023-12-14 05:52:03\''),('35','18','\'Sunday\'','\'09:00 AM\'','\'01:00 PM\'','\'02:00 PM\'','\'09:00 PM\'','2','\'2023-12-14 05:52:03\'','\'2023-12-14 05:52:03\''),('36','19','\'Monday\'','\'09:00 AM\'','\'01:00 PM\'','\'02:00 PM\'','\'09:00 PM\'','2','\'2023-12-19 22:37:33\'','\'2023-12-19 22:37:33\''),('37','19','\'Tuesday\'','\'09:00 AM\'','\'01:00 PM\'','\'02:00 PM\'','\'09:00 PM\'','2','\'2023-12-19 22:37:33\'','\'2023-12-19 22:37:33\''),('38','19','\'Wednesday\'','\'09:00 AM\'','\'01:00 PM\'','\'02:00 PM\'','\'09:00 PM\'','2','\'2023-12-19 22:37:33\'','\'2023-12-19 22:37:33\''),('39','19','\'Thursday\'','\'09:00 AM\'','\'01:00 PM\'','\'02:00 PM\'','\'09:00 PM\'','2','\'2023-12-19 22:37:33\'','\'2023-12-19 22:37:33\''),('40','19','\'Friday\'','\'09:00 AM\'','\'01:00 PM\'','\'02:00 PM\'','\'09:00 PM\'','2','\'2023-12-19 22:37:33\'','\'2023-12-19 22:37:33\''),('41','19','\'Saturday\'','\'09:00 AM\'','\'01:00 PM\'','\'02:00 PM\'','\'09:00 PM\'','2','\'2023-12-19 22:37:33\'','\'2023-12-19 22:37:33\''),('42','19','\'Sunday\'','\'09:00 AM\'','\'01:00 PM\'','\'02:00 PM\'','\'09:00 PM\'','2','\'2023-12-19 22:37:33\'','\'2023-12-19 22:37:33\''),('43','20','\'Monday\'','\'09:00 AM\'','\'01:00 PM\'','\'02:00 PM\'','\'02:00 AM\'','2','\'2023-12-21 00:21:12\'','\'2023-12-21 01:21:12\''),('44','20','\'Tuesday\'','\'09:00 AM\'','\'01:00 PM\'','\'02:00 PM\'','\'09:00 PM\'','2','\'2023-12-21 00:21:12\'','\'2023-12-21 01:21:12\''),('45','20','\'Wednesday\'','\'09:00 AM\'','\'01:00 PM\'','\'02:00 PM\'','\'11:30 PM\'','2','\'2023-12-21 00:21:12\'','\'2023-12-21 01:21:12\''),('46','20','\'Thursday\'','\'09:00 AM\'','\'01:00 PM\'','\'02:00 PM\'','\'11:30 PM\'','2','\'2023-12-21 00:21:12\'','\'2023-12-21 01:21:12\''),('47','20','\'Friday\'','\'09:00 AM\'','\'01:00 PM\'','\'02:00 PM\'','\'11:30 PM\'','2','\'2023-12-21 00:21:12\'','\'2023-12-21 01:21:12\''),('48','20','\'Saturday\'','\'09:00 AM\'','\'01:00 PM\'','\'02:00 PM\'','\'11:30 PM\'','2','\'2023-12-21 00:21:12\'','\'2023-12-21 01:21:12\''),('49','20','\'Sunday\'','\'09:00 AM\'','\'01:00 PM\'','\'02:00 PM\'','\'11:30 PM\'','2','\'2023-12-21 00:21:12\'','\'2023-12-21 01:21:12\''),('50','21','\'Monday\'','\'09:00 AM\'','\'01:00 PM\'','\'02:00 PM\'','\'09:00 PM\'','2','\'2023-12-23 02:08:25\'','\'2023-12-23 02:08:25\''),('51','21','\'Tuesday\'','\'09:00 AM\'','\'01:00 PM\'','\'02:00 PM\'','\'09:00 PM\'','2','\'2023-12-23 02:08:25\'','\'2023-12-23 02:08:25\''),('52','21','\'Wednesday\'','\'09:00 AM\'','\'01:00 PM\'','\'02:00 PM\'','\'09:00 PM\'','2','\'2023-12-23 02:08:25\'','\'2023-12-23 02:08:25\''),('53','21','\'Thursday\'','\'09:00 AM\'','\'01:00 PM\'','\'02:00 PM\'','\'09:00 PM\'','2','\'2023-12-23 02:08:25\'','\'2023-12-23 02:08:25\''),('54','21','\'Friday\'','\'09:00 AM\'','\'01:00 PM\'','\'02:00 PM\'','\'09:00 PM\'','2','\'2023-12-23 02:08:25\'','\'2023-12-23 02:08:25\''),('55','21','\'Saturday\'','\'09:00 AM\'','\'01:00 PM\'','\'02:00 PM\'','\'09:00 PM\'','2','\'2023-12-23 02:08:25\'','\'2023-12-23 02:08:25\''),('56','21','\'Sunday\'','\'09:00 AM\'','\'01:00 PM\'','\'02:00 PM\'','\'09:00 PM\'','2','\'2023-12-23 02:08:25\'','\'2023-12-23 02:08:25\''),('57','22','\'Monday\'','\'09:00 AM\'','\'01:00 PM\'','\'02:00 PM\'','\'09:00 PM\'','2','\'2023-12-28 03:07:05\'','\'2023-12-28 03:07:05\''),('58','22','\'Tuesday\'','\'09:00 AM\'','\'01:00 PM\'','\'02:00 PM\'','\'09:00 PM\'','2','\'2023-12-28 03:07:05\'','\'2023-12-28 03:07:05\''),('59','22','\'Wednesday\'','\'09:00 AM\'','\'01:00 PM\'','\'02:00 PM\'','\'09:00 PM\'','2','\'2023-12-28 03:07:05\'','\'2023-12-28 03:07:05\''),('60','22','\'Thursday\'','\'09:00 AM\'','\'01:00 PM\'','\'02:00 PM\'','\'09:00 PM\'','2','\'2023-12-28 03:07:05\'','\'2023-12-28 03:07:05\''),('61','22','\'Friday\'','\'09:00 AM\'','\'01:00 PM\'','\'02:00 PM\'','\'09:00 PM\'','2','\'2023-12-28 03:07:05\'','\'2023-12-28 03:07:05\''),('62','22','\'Saturday\'','\'09:00 AM\'','\'01:00 PM\'','\'02:00 PM\'','\'09:00 PM\'','2','\'2023-12-28 03:07:05\'','\'2023-12-28 03:07:05\''),('63','22','\'Sunday\'','\'09:00 AM\'','\'01:00 PM\'','\'02:00 PM\'','\'09:00 PM\'','2','\'2023-12-28 03:07:06\'','\'2023-12-28 03:07:06\'');


INSERT INTO user_addresses(id,user_id,title,type,address,house_num,street,block,pincode,building,landmark,delivery_area,latitude,longitude,created_at,updated_at,is_active,vendor_id) VALUES('1','12','\'\'','2','X\'41646472657373\'','\'10\'','\'10\'','\'10\'','\'123456\'','\'10\'','\'10\'','\'\'','\'29.935435473509543\'','\'31.175151269958516\'','\'2023-11-19 06:32:44\'','\'2023-11-21 23:46:44\'','0','NULL'),('2','12','\'\'','0','X\'323835462b503636d88c20d8a7d984d8a3d8a8d8a7d8acd98ad8a9d88c20d982d8b3d98520d8a7d984d8aed984d98ad981d8a9d88c20d985d8add8a7d981d8b8d8a920d8a7d984d982d8a7d987d8b1d8a9e280ac2034343132323331d88c20d985d8b5d8b1\'','\'222\'','\'3\'','\'222\'','\'333\'','\'33\'','\'333\'','\'\'','\'30.018817509576813\'','\'31.412601869628926\'','\'2023-11-21 23:44:32\'','\'2023-11-21 23:46:30\'','1','NULL'),('3','17','\'1121\'','0','X\'343539472b4752d88c20d8b3d982d98ad984d88c20d985d8b1d983d8b220d8a3d988d8b3d98ad985d88c20d985d8add8a7d981d8b8d8a920d8a7d984d8acd98ad8b2d8a92033383331313230d88c20d985d8b5d8b1\'','\'121212\'','\'1212\'','\'121212\'','\'1212\'','\'1212\'','\'1212\'','\'\'','\'30.1188125\'','\'31.1770625\'','\'2023-12-15 04:12:09\'','\'2023-12-15 04:13:56\'','0','5'),('4','17','\'454545\'','0','X\'38473248355739352b5039\'','\'\'','\'545\'','\'\'','\'45454\'','\'\'','\'454\'','\'\'','\'30.169262153572205\'','\'31.907122696263905\'','\'2023-12-15 04:13:00\'','\'2023-12-15 04:13:00\'','1','5'),('5','23','\'Eos error non ad ve\'','1','X\'3420323262205374202d20d8a7d984d8aed8a8d98ad8b5d98a202d20d8afd8a8d98a202d20d8a7d984d8a5d985d8a7d8b1d8a7d8aa20d8a7d984d8b9d8b1d8a8d98ad8a920d8a7d984d985d8aad8add8afd8a9\'','\'Placeat quas ullam\'','\'Duis est et perferen\'','\'Placeat quas ullam\'','\'\'','\'\'','\'Beatae quod ad id do\'','\'\'','\'25.261512298578495\'','\'55.33580531330564\'','\'2024-01-16 22:57:14\'','\'2024-01-16 23:09:37\'','1','5'),('6','23','\'Vel doloremque culpa\'','2','X\'326e6420466c6f6f7220536865696b682052617368696420526f6164203531303336202d20d985d98ad986d8a7d8a120d8b3d8b9d98ad8af202d20d8afd8a8d98a202d20d8a7d984d8a5d985d8a7d8b1d8a7d8aa20d8a7d984d8b9d8b1d8a8d98ad8a920d8a7d984d985d8aad8add8afd8a9\'','\'Neque deserunt recus\'','\'Rerum delectus plac\'','\'In occaecat deleniti\'','\'\'','\'\'','\'Quo deserunt quas ma\'','\'\'','\'25.248393362216696\'','\'55.333230392651345\'','\'2024-01-16 23:09:58\'','\'2024-01-16 23:09:58\'','NULL','5');

INSERT INTO users(id,name,slug,email,mobile,image,password,google_id,facebook_id,login_type,type,description,token,city_id,area_id,plan_id,purchase_amount,purchase_date,available_on_landing,payment_id,payment_type,free_plan,is_delivery,allow_without_subscription,is_verified,is_available,remember_token,license_type,created_at,updated_at,user_id) VALUES('1','\'Admin\'','\'admin\'','\'admin@gmail.com\'','\'1234567890\'','\'profile-64da130e5c43b.png\'','\'$2y$10$BGzS523wDK3hKQO1iZb6Z.Y6AgATl.LXccaa.WhGzxNVnEJHoy5SC\'','NULL','NULL','\'normal\'','1','NULL','X\'634e6a53736d2d54524543396e35385a51654944424c3a41504139316248534c513253395646684d3279476f514a4737642d6e6f586b6373565852516938592d5853554a49465a51677a4637354b62753562654b48386447555a395371494e443379617556646347362d537763566a55346f496a704a5578354a4339634f525a702d4e7650744e6b4a5431494d4c62304b676e4e3638555741747a77767269384b7154\'','NULL','NULL','NULL','NULL','NULL','2','NULL','NULL','0','NULL','2','2','2','NULL','X\'526567756c6172204c6963656e7365\'','\'2022-08-16 03:01:17\'','\'2023-08-18 11:51:37\'','0'),('2','\'ahmad abdelaziz\'','\'ahmad-abdelaziz\'','\'ahmad.abdelaziz92@live.com\'','\'55140309\'','\'default.png\'','\'$2y$10$cGeFcGPbQbS1ksMjld14h.kFltVdZCJKO0Jcz1JtLDrBSNsJG4fMC\'','\'\'','\'\'','\'normal\'','2','NULL','X\'\'','1','1','\'\'','\'\'','\'\'','2','NULL','NULL','0','NULL','1','2','1','NULL','NULL','\'2023-09-09 02:14:35\'','\'2023-09-08 20:49:46\'','0'),('3','\'abdelaziz\'','\'abdelaziz\'','\'ahmadabdelaziz554@gmail.com\'','\'55801615\'','\'default.png\'','\'$2y$10$vXai695QxDxIRn3oyZQ65.j/WaRLCXojjw5YFshQ99RuKBKYh/0o6\'','\'115817793901696506181\'','\'\'','\'normal\'','2','NULL','X\'\'','1','1','\'\'','\'\'','\'\'','2','NULL','NULL','0','NULL','1','2','1','NULL','NULL','\'2023-09-09 02:15:18\'','\'2023-11-19 10:16:06\'','0'),('4','\'mohammed\'','\'mohammed\'','\'m@gmail.com\'','\'50036909\'','\'default.png\'','\'$2y$10$Bu4eIy95WhqknfEUj9u8kO5n7v6pW4W5C94n/ac.9r3uxAxA/6M2u\'','\'\'','\'\'','\'normal\'','2','NULL','X\'\'','1','1','\'\'','\'\'','\'\'','2','NULL','NULL','0','NULL','1','2','1','NULL','NULL','\'2023-09-12 16:30:49\'','\'2023-09-12 12:31:15\'','0'),('5','\'2no\'','\'2no\'','\'2no@gmail.com\'','\'1234741\'','\'default.png\'','\'$2y$10$oCs//aSdQh9bV.0eQ3UIEeNwPyzU8kdaGsIcKHK599rrxE5GYLui2\'','\'\'','\'\'','\'normal\'','2','NULL','X\'\'','1','1','\'\'','\'\'','\'\'','1','NULL','NULL','0','NULL','1','2','1','NULL','NULL','\'2023-09-12 23:01:09\'','\'2023-09-30 23:38:32\'','0'),('6','\'mostafa\'','\'218992\'','\'Harrodsschools@gmail.com\'','\'11111111111111111111111\'','\'\'','\'$2y$10$BGzS523wDK3hKQO1iZb6Z.Y6AgATl.LXccaa.WhGzxNVnEJHoy5SC\'','NULL','NULL','\'normal\'','1','NULL','NULL','NULL','NULL','NULL','NULL','NULL','2','NULL','NULL','0','NULL','1','1','1','NULL','NULL','\'2023-10-02 01:07:07\'','\'2023-10-02 01:07:07\'','0'),('7','\'sss\'','\'608409\'','\'adm@gmail.com\'','\'50060610\'','\'default.png\'','\'$2y$10$9diHAhHLpEwgRi1/Ag/9nedxIOYcTYLxP71LF/BuajoAd5DATp5qS\'','NULL','NULL','\'normal\'','1','NULL','NULL','NULL','NULL','NULL','NULL','NULL','2','NULL','NULL','0','NULL','1','1','1','NULL','NULL','\'2023-10-30 15:41:22\'','\'2023-10-30 15:41:22\'','0'),('8','\'22222222\'','NULL','\'test.test@test.com\'','\'+20331157751549\'','\'default.png\'','\'$2y$10$/g6S9mhVU2DBvtOljuTXzuCQFK3WEmEoCBLwsTmgcXIid3FfiUpE6\'','NULL','NULL','\'normal\'','3','NULL','NULL','NULL','NULL','NULL','NULL','NULL','2','NULL','NULL','0','NULL','2','1','1','NULL','NULL','\'2023-11-08 07:11:39\'','\'2023-11-08 07:11:39\'','0'),('9','\'1231111aaaaaaaaaa\'','NULL','\'admin222@gmail.com\'','\'111111111111111\'','\'default.png\'','\'$2y$10$/ikt3MZCVfDLUBTTbeMSiefqbzxOcH4ZAebdOE6G0PO6VtBMA9c.y\'','NULL','NULL','\'normal\'','3','NULL','NULL','NULL','NULL','NULL','NULL','NULL','2','NULL','NULL','0','NULL','2','1','1','NULL','NULL','\'2023-11-08 07:18:36\'','\'2023-11-08 07:18:56\'','0'),('10','\'ahmad abdelaziz\'','NULL','\'ahmad.abdelazi2@live.com\'','\'55120369\'','\'default.png\'','\'$2y$10$JmhGmCgPAFEAUkEYUi2im.4OnBhQYQahOHHVbqLE0.HMGeruGN7mO\'','NULL','NULL','\'normal\'','3','NULL','NULL','NULL','NULL','NULL','NULL','NULL','2','NULL','NULL','0','NULL','2','1','1','NULL','NULL','\'2023-11-09 04:18:35\'','\'2023-11-09 04:18:35\'','0'),('11','\'ahmad abdelaziz\'','NULL','\'ahmad.abdelazi92@live.com\'','\'55801667\'','\'default.png\'','\'$2y$10$MxKAriULKAIvDtz.cICkCu2VNBTpy08iTH/CGBdzhx4GuBGpIVndm\'','NULL','NULL','\'normal\'','3','NULL','NULL','NULL','NULL','NULL','NULL','NULL','2','NULL','NULL','0','NULL','2','1','1','NULL','NULL','\'2023-11-14 11:12:32\'','\'2023-11-14 11:12:32\'','0'),('12','\'tifa ahmed\'','NULL','\'sdprosolutions6@gmail.com\'','NULL','\'default.png\'','\'$2y$10$0FqXG7zeY88E/mSqAkro3OSqjVaNKN3WwfwMWPmz8AaCg1LgXk20O\'','\'108489549134904766873\'','NULL','\'google\'','3','NULL','NULL','NULL','NULL','NULL','NULL','NULL','2','NULL','NULL','0','NULL','2','1','1','NULL','NULL','\'2023-11-19 06:18:58\'','\'2023-11-19 06:29:21\'','0'),('13','\'Ahmad Abdelaziz\'','NULL','\'ahmadabdelaziz03@gmail.com\'','NULL','\'default.png\'','\'$2y$10$ROP/la18Hs6blIA8L85/Ruxtfn0mm/CraHaU7pZLyVjTAc303gGvS\'','\'109466091795640788317\'','NULL','\'google\'','3','NULL','NULL','NULL','NULL','NULL','NULL','NULL','2','NULL','NULL','0','NULL','2','1','1','NULL','NULL','\'2023-11-19 10:16:21\'','\'2023-11-21 23:39:05\'','0'),('14','\'Food Control\'','NULL','\'foodcontrolkw@gmail.com\'','NULL','\'default.png\'','\'$2y$10$rqIrGwi3XAFDNfbD6SlnTe47dVyGXZVXnmnCIT2kOqTv3WmM4igzW\'','NULL','NULL','\'google\'','3','NULL','NULL','NULL','NULL','NULL','NULL','NULL','2','NULL','NULL','0','NULL','2','1','1','NULL','NULL','\'2023-11-20 11:33:49\'','\'2023-11-20 11:33:49\'','0'),('15','\'Dff\'','NULL','\'gg@gg.com\'','\'01020886383\'','\'default.png\'','\'$2y$10$FDnOYkyeQ6AtzkHU7odOIODnvSTDomP/ilzKTn0yc7BgyyMp70PxG\'','NULL','NULL','\'normal\'','3','NULL','NULL','NULL','NULL','NULL','NULL','NULL','2','NULL','NULL','0','NULL','2','1','1','NULL','NULL','\'2023-12-06 07:26:26\'','\'2023-12-06 07:26:26\'','0'),('16','\'birds media\'','NULL','\'birdsmediakw@gmail.com\'','NULL','\'default.png\'','\'$2y$10$VXMimKaQrMg4WelwNvnqBevpbPfSLs6Ftndq46b3VX/Nug7bnUyq6\'','NULL','NULL','\'google\'','3','NULL','NULL','NULL','NULL','NULL','NULL','NULL','2','NULL','NULL','0','NULL','2','1','1','NULL','NULL','\'2023-12-13 02:18:33\'','\'2023-12-13 02:18:33\'','0'),('17','\'Tifa Ahmed\'','NULL','\'tifa.ahmed23@gmail.com\'','NULL','\'default.png\'','\'$2y$10$3VPQ794lfxnglPownLEQsuN/7l2za6jiRivsUCbfvZ11bRdn6cqvS\'','\'107298713217876871797\'','NULL','\'google\'','3','NULL','NULL','NULL','NULL','NULL','NULL','NULL','2','NULL','NULL','0','NULL','2','1','1','NULL','NULL','\'2023-12-14 03:44:03\'','\'2023-12-15 04:10:45\'','0'),('18','\'n2ily\'','\'n2ily\'','\'mh@gmail.com\'','\'500500500\'','\'default.png\'','\'$2y$10$YfSP.kuzhxwrJqtu1oajVuEO.CvGZTOQj63YOia1fkcnRuCUdfTMG\'','\'\'','\'\'','\'normal\'','2','NULL','X\'\'','1','1','\'\'','\'\'','\'\'','2','NULL','NULL','0','NULL','1','2','1','NULL','NULL','\'2023-12-14 05:52:03\'','\'2023-12-14 04:57:02\'','0'),('19','\'batoolsweets\'','\'batoolsweets\'','\'batool@gmail.com\'','\'50060605\'','\'default.png\'','\'$2y$10$w/W7K05f5E8Gf4MkPAQNnO3gyRk2uUHRl71Cn3SHm8WOvvnxN.u1C\'','\'\'','\'\'','\'normal\'','2','NULL','X\'\'','1','1','\'\'','\'\'','\'\'','2','NULL','NULL','0','NULL','1','2','1','NULL','NULL','\'2023-12-19 22:37:33\'','\'2023-12-20 05:34:37\'','0'),('20','\'bsweets\'','\'bsweets\'','\'b@gmail.com\'','\'55120309\'','\'default.png\'','\'$2y$10$W8yBD3fT0d2DW8zbyv.NdeqiAxIX/GLcZfAH3ro06kswnYAhcznbu\'','\'\'','\'\'','\'normal\'','2','NULL','X\'\'','1','1','\'\'','\'\'','\'\'','2','NULL','NULL','0','NULL','1','2','1','NULL','NULL','\'2023-12-20 06:35:38\'','\'2023-12-20 05:35:51\'','0'),('21','\'mostafa\'','\'mostafa\'','\'admiwwwwwwwwn@gmail.com\'','\'22222222222\'','\'default.png\'','\'$2y$10$3kCMCNZaX478Qs11NyrvIeGz5AlcrCMGRtmJlPk6F30f8K0gBWL16\'','\'\'','\'\'','\'normal\'','2','NULL','X\'\'','1','1','NULL','NULL','NULL','2','NULL','NULL','0','NULL','2','2','1','NULL','NULL','\'2023-12-23 02:08:25\'','\'2023-12-23 02:08:25\'','0'),('22','\'mostafa\'','\'mostafa-22\'','\'admin11111@gmail.com\'','\'111111111111\'','\'default.png\'','\'$2y$10$EwJOxeEglbgEh3P7Vn8EuOe470nfug3OwyKzO2waVoBTd6PCtJyse\'','\'\'','\'\'','\'normal\'','2','NULL','X\'\'','1','1','NULL','NULL','NULL','2','NULL','NULL','0','NULL','2','2','1','NULL','NULL','\'2023-12-28 03:07:05\'','\'2023-12-28 03:07:05\'','0'),('23','\'mostafa ahmed\'','NULL','\'mostafa.morsy3110@gmail.com\'','NULL','\'default.png\'','\'$2y$10$KbN1jeq6zHlv3bXoHugiVuoiNl8XHN9Y8w/9GD3nxZ.dwTPu3paUK\'','\'107325129069652238682\'','NULL','\'google\'','3','NULL','NULL','NULL','NULL','NULL','NULL','NULL','2','NULL','NULL','0','NULL','2','1','1','NULL','NULL','\'2024-01-16 22:42:39\'','\'2024-01-17 00:35:07\'','0'),('24','\'Connor Mcfadden\'','NULL','\'xipabomyru@mailinator.com\'','\'Quibusdam dolor impe\'','\'profile-66009b740508e.enc\'','\'$2y$10$Sxrl3DFtCb2d07yEc8ceFuiusQbuOblqrVo3Cv9XRnmwuB/lrOSz6\'','NULL','NULL','\'email\'','7','NULL','NULL','NULL','NULL','NULL','NULL','NULL','2','NULL','NULL','0','NULL','2','0','0','NULL','NULL','\'2024-03-25 00:30:28\'','\'2024-03-25 00:30:28\'','0'),('25','\'\'','NULL','\'admin@gmail.com\'','\'011111111111\'','\'profile-6609bab5bd340.png\'','\'$2y$10$FsljnGk5TLyNYcg38BW24O8.hb8WscN3n1kdmZTlb3UhqA0bhQYFO\'','NULL','NULL','\'email\'','3','NULL','NULL','NULL','NULL','NULL','NULL','NULL','2','NULL','NULL','0','NULL','2','0','0','NULL','NULL','\'2024-03-31 22:34:13\'','\'2024-03-31 22:34:13\'','0'),('32','\'Burke Murray\'','NULL','\'qezizozav@mailinator.com\'','\'Incididunt consectet\'','\'profile-660b2d23d0c13.png\'','\'$2y$10$RYb67XDpzJhSkl5iLeg5NOr8DUdBIZHzYw8lhOr7gdeIYKYejVdGS\'','NULL','NULL','\'email\'','0','NULL','NULL','NULL','NULL','NULL','NULL','NULL','2','NULL','NULL','0','NULL','2','0','0','NULL','NULL','\'2024-04-02 00:53:41\'','\'2024-04-02 00:54:43\'','5');
INSERT INTO variants(id,item_id,name,price,original_price,created_at,updated_at) VALUES('9','53','\'{\\\"ar\\\":\\\"Variation Ar 1\\\",\\\"en\\\":\\\"Variation En 1\\\"}\'','10','45','\'2023-12-23 05:38:05\'','\'2024-04-12 16:34:51\''),('10','53','\'{\\\"ar\\\":\\\"Variation Ar 2\\\",\\\"en\\\":\\\"Variation En 2\\\"}\'','20','45','\'2023-12-23 05:38:05\'','\'2024-04-12 16:34:51\'');